circle,cluster,Time,Attempt,Answered,CSSR,ASR,Day_of_week,Hour
Andhra Pradesh,cluster 1,2023-06-27-00,515378,247413,99.79,47.61,Tuesday,0
Andhra Pradesh,cluster 1,2023-06-27-01,253160,121587,99.77,47.65,Tuesday,1
Andhra Pradesh,cluster 1,2023-06-27-02,163200,77928,99.72,47.35,Tuesday,2
Andhra Pradesh,cluster 1,2023-06-27-03,177094,83188,99.2,46.59,Tuesday,3
Andhra Pradesh,cluster 1,2023-06-27-04,288626,141959,99.73,48.78,Tuesday,4
Andhra Pradesh,cluster 1,2023-06-27-05,885947,449282,99.81,50.3,Tuesday,5
Andhra Pradesh,cluster 1,2023-06-27-06,2734370,1463000,99.81,53.02,Tuesday,6
Andhra Pradesh,cluster 1,2023-06-27-07,5147467,2869359,99.82,55.23,Tuesday,7
Andhra Pradesh,cluster 1,2023-06-27-08,7244496,4098522,99.82,56.07,Tuesday,8
Andhra Pradesh,cluster 1,2023-06-27-09,8680976,4902984,99.8,55.94,Tuesday,9
Andhra Pradesh,cluster 1,2023-06-27-10,9601795,5419683,99.78,55.89,Tuesday,10
Andhra Pradesh,cluster 1,2023-06-27-11,9635731,5454089,99.77,56.05,Tuesday,11
Andhra Pradesh,cluster 1,2023-06-27-12,9249989,5256837,99.78,56.27,Tuesday,12
Andhra Pradesh,cluster 1,2023-06-27-13,8508195,4832767,99.78,56.24,Tuesday,13
Andhra Pradesh,cluster 1,2023-06-27-14,7425367,4141854,99.78,55.21,Tuesday,14
Andhra Pradesh,cluster 1,2023-06-27-15,6854893,3976529,99.73,47.44,Tuesday,15
Andhra Pradesh,cluster 1,2023-06-27-16,5392408,3731294,99.73,47.51,Tuesday,16
Andhra Pradesh,cluster 1,2023-06-27-17,4675328,3045327,99.77,47.28,Tuesday,17
Andhra Pradesh,cluster 1,2023-06-27-18,3094562,2536542,99.76,47.66,Tuesday,18
Andhra Pradesh,cluster 1,2023-06-27-19,2065437,1746583,99.85,48.76,Tuesday,19
Andhra Pradesh,cluster 1,2023-06-27-20,1472693,953648,99.8,50.17,Tuesday,20
Andhra Pradesh,cluster 1,2023-06-27-21,962537,863427,99.8,52.96,Tuesday,21
Andhra Pradesh,cluster 1,2023-06-27-22,732436,631397,99.72,55.25,Tuesday,22
Andhra Pradesh,cluster 1,2023-06-27-23,605456,431397,99.82,56.11,Tuesday,23
Andhra Pradesh,cluster 1,2023-06-28-00,515378,247468,99.74,55.95,Wednesday,0
Andhra Pradesh,cluster 1,2023-06-28-01,253175,121617,99.81,55.93,Wednesday,1
Andhra Pradesh,cluster 1,2023-06-28-02,163277,77932,99.73,56.04,Wednesday,2
Andhra Pradesh,cluster 1,2023-06-28-03,177128,83271,99.75,56.31,Wednesday,3
Andhra Pradesh,cluster 1,2023-06-28-04,288660,141961,99.96,56.18,Wednesday,4
Andhra Pradesh,cluster 1,2023-06-28-05,885955,449303,99.89,55.17,Wednesday,5
Andhra Pradesh,cluster 1,2023-06-28-06,2734421,1463027,99.73,47.01,Wednesday,6
Andhra Pradesh,cluster 1,2023-06-28-07,5147474,2869372,99.89,47.22,Wednesday,7
Andhra Pradesh,cluster 1,2023-06-28-08,7244531,4098555,99.77,47.12,Wednesday,8
Andhra Pradesh,cluster 1,2023-06-28-09,8681014,4903009,99.73,47.87,Wednesday,9
Andhra Pradesh,cluster 1,2023-06-28-10,9601846,5419735,99.79,49.06,Wednesday,10
Andhra Pradesh,cluster 1,2023-06-28-11,9635737,5454134,99.81,50.23,Wednesday,11
Andhra Pradesh,cluster 1,2023-06-28-12,9250032,5256881,99.73,52.96,Wednesday,12
Andhra Pradesh,cluster 1,2023-06-28-13,8508282,4832775,99.76,55.28,Wednesday,13
Andhra Pradesh,cluster 1,2023-06-28-14,7425397,4141931,99.83,56.1,Wednesday,14
Andhra Pradesh,cluster 1,2023-06-28-15,6854935,3976608,99.89,55.98,Wednesday,15
Andhra Pradesh,cluster 1,2023-06-28-16,5392427,3731306,99.73,55.9,Wednesday,16
Andhra Pradesh,cluster 1,2023-06-28-17,4675384,3045394,99.77,56.07,Wednesday,17
Andhra Pradesh,cluster 1,2023-06-28-18,3094617,2536584,99.89,56.32,Wednesday,18
Andhra Pradesh,cluster 1,2023-06-28-19,2065536,1746664,99.76,56.24,Wednesday,19
Andhra Pradesh,cluster 1,2023-06-28-20,1472711,953697,99.73,55.18,Wednesday,20
Andhra Pradesh,cluster 1,2023-06-28-21,962575,863487,99.91,47.05,Wednesday,21
Andhra Pradesh,cluster 1,2023-06-28-22,732445,631422,99.77,46.97,Wednesday,22
Andhra Pradesh,cluster 1,2023-06-28-23,605524,431408,99.8,47.04,Wednesday,23
Andhra Pradesh,cluster 1,2023-06-29-00,515416,247486,99.26,48,Thursday,0
Andhra Pradesh,cluster 1,2023-06-29-01,253235,121632,99.77,49,Thursday,1
Andhra Pradesh,cluster 1,2023-06-29-02,163245,78022,99.83,50.26,Thursday,2
Andhra Pradesh,cluster 1,2023-06-29-03,177193,83210,99.9,53.04,Thursday,3
Andhra Pradesh,cluster 1,2023-06-29-04,288707,141981,99.76,55.27,Thursday,4
Andhra Pradesh,cluster 1,2023-06-29-05,885999,449347,99.73,56.11,Thursday,5
Andhra Pradesh,cluster 1,2023-06-29-06,2734460,1463059,99.78,56,Thursday,6
Andhra Pradesh,cluster 1,2023-06-29-07,5147553,2869398,99.88,55.92,Thursday,7
Andhra Pradesh,cluster 1,2023-06-29-08,7244517,4098537,99.94,56.02,Thursday,8
Andhra Pradesh,cluster 1,2023-06-29-09,8681049,4903031,99.81,56.3,Thursday,9
Andhra Pradesh,cluster 1,2023-06-29-10,9601823,5419741,99.98,56.24,Thursday,10
Andhra Pradesh,cluster 1,2023-06-29-11,9635802,5454180,99.82,55.18,Thursday,11
Andhra Pradesh,cluster 1,2023-06-29-12,9250045,5256840,99.72,47.39,Thursday,12
Andhra Pradesh,cluster 1,2023-06-29-13,8508266,4832856,99.84,47.69,Thursday,13
Andhra Pradesh,cluster 1,2023-06-29-14,7425402,4141871,99.78,47.37,Thursday,14
Andhra Pradesh,cluster 1,2023-06-29-15,6854896,3976569,99.73,48.14,Thursday,15
Andhra Pradesh,cluster 1,2023-06-29-16,5392428,3731304,99.76,49.27,Thursday,16
Andhra Pradesh,cluster 1,2023-06-29-17,4675416,3045391,99.75,50.26,Thursday,17
Andhra Pradesh,cluster 1,2023-06-29-18,5094573,3536585,99.88,52.99,Thursday,18
Andhra Pradesh,cluster 1,2023-06-29-19,5165532,3746609,99.77,55.3,Thursday,19
Andhra Pradesh,cluster 1,2023-06-29-20,5378290,3657890,99.73,56.04,Thursday,20
Andhra Pradesh,cluster 1,2023-06-29-21,5276493,3584922,99.78,55.92,Thursday,21
Andhra Pradesh,cluster 1,2023-06-29-22,732479,631398,99.81,55.9,Thursday,22
Andhra Pradesh,cluster 1,2023-06-29-23,605479,431436,99.73,56.06,Thursday,23
Andhra Pradesh,cluster 1,2023-06-30-00,515471,247564,99.81,56.37,Friday,0
Andhra Pradesh,cluster 1,2023-06-30-01,253189,121704,99.94,56.21,Friday,1
Andhra Pradesh,cluster 1,2023-06-30-02,163287,77970,99.72,55.17,Friday,2
Andhra Pradesh,cluster 1,2023-06-30-03,177175,83279,99.74,47.37,Friday,3
Andhra Pradesh,cluster 1,2023-06-30-04,288729,141977,99.74,46.96,Friday,4
Andhra Pradesh,cluster 1,2023-06-30-05,885981,449321,99.79,46.39,Friday,5
Andhra Pradesh,cluster 1,2023-06-30-06,2734433,1463123,99.83,46.91,Friday,6
Andhra Pradesh,cluster 1,2023-06-30-07,5147563,2869424,99.85,48.95,Friday,7
Andhra Pradesh,cluster 1,2023-06-30-08,7244531,4098578,99.92,50.13,Friday,8
Andhra Pradesh,cluster 1,2023-06-30-09,8681066,4903051,99.82,53.13,Friday,9
Andhra Pradesh,cluster 1,2023-06-30-10,9601922,5419760,99.79,55.29,Friday,10
Andhra Pradesh,cluster 1,2023-06-30-11,9635835,5454211,99.82,56.1,Friday,11
Andhra Pradesh,cluster 1,2023-06-30-12,9250118,5256921,99.74,56.03,Friday,12
Andhra Pradesh,cluster 1,2023-06-30-13,8508356,4832802,99.75,55.9,Friday,13
Andhra Pradesh,cluster 1,2023-06-30-14,7425437,4141983,99.82,56.03,Friday,14
Andhra Pradesh,cluster 1,2023-06-30-15,6855016,3976626,99.73,56.36,Friday,15
Andhra Pradesh,cluster 1,2023-06-30-16,5392431,3731402,99.94,56.26,Friday,16
Andhra Pradesh,cluster 1,2023-06-30-17,4675412,3045438,99.81,55.21,Friday,17
Andhra Pradesh,cluster 1,2023-06-30-18,3094618,2536634,99.77,39.29,Friday,18
Andhra Pradesh,cluster 1,2023-06-30-19,2065550,1746695,99.05,37.3,Friday,19
Andhra Pradesh,cluster 1,2023-06-30-20,1472787,953788,99.78,37.16,Friday,20
Andhra Pradesh,cluster 1,2023-06-30-21,962587,863500,99.76,38.63,Friday,21
Andhra Pradesh,cluster 1,2023-06-30-22,732489,631449,99.87,41.74,Friday,22
Andhra Pradesh,cluster 1,2023-06-30-23,605570,431496,99.85,43.77,Friday,23
Andhra Pradesh,cluster 1,2023-07-01-00,515450,247504,99.03,47.01,Saturday,0
Andhra Pradesh,cluster 1,2023-07-01-01,253254,121631,99.81,49.53,Saturday,1
Andhra Pradesh,cluster 1,2023-07-01-02,163271,77978,99.89,51.42,Saturday,2
Andhra Pradesh,cluster 1,2023-07-01-03,177117,83214,98.92,52.46,Saturday,3
Andhra Pradesh,cluster 1,2023-07-01-04,288629,142055,99.75,53.58,Saturday,4
Andhra Pradesh,cluster 1,2023-07-01-05,885967,449300,99.79,54.24,Saturday,5
Andhra Pradesh,cluster 1,2023-07-01-06,2734380,1463054,99.87,54.31,Saturday,6
Andhra Pradesh,cluster 1,2023-07-01-07,5147496,2869382,99.7,54.05,Saturday,7
Andhra Pradesh,cluster 1,2023-07-01-08,7244509,4098600,99.7,52.37,Saturday,8
Andhra Pradesh,cluster 1,2023-07-01-09,8681049,4902988,99.83,39.17,Saturday,9
Andhra Pradesh,cluster 1,2023-07-01-10,9601823,5419726,99.85,37.49,Saturday,10
Andhra Pradesh,cluster 1,2023-07-01-11,9635783,5454115,99.79,37.23,Saturday,11
Andhra Pradesh,cluster 1,2023-07-01-12,9250088,5256845,99.84,38.48,Saturday,12
Andhra Pradesh,cluster 1,2023-07-01-13,8508274,4832806,99.9,41.12,Saturday,13
Andhra Pradesh,cluster 1,2023-07-01-14,7425426,4141902,99.76,43.82,Saturday,14
Andhra Pradesh,cluster 1,2023-07-01-15,6854954,3976581,99.83,46.98,Saturday,15
Andhra Pradesh,cluster 1,2023-07-01-16,5392505,3731366,99.78,49.54,Saturday,16
Andhra Pradesh,cluster 1,2023-07-01-17,4675344,3045377,99.86,51.38,Saturday,17
Andhra Pradesh,cluster 1,2023-07-01-18,3094655,2536609,99.75,52.48,Saturday,18
Andhra Pradesh,cluster 1,2023-07-01-19,2065530,1746604,99.73,53.59,Saturday,19
Andhra Pradesh,cluster 1,2023-07-01-20,1472762,953742,99.81,54.21,Saturday,20
Andhra Pradesh,cluster 1,2023-07-01-21,962598,863473,99.98,54.28,Saturday,21
Andhra Pradesh,cluster 1,2023-07-01-22,732452,631442,99.86,54.07,Saturday,22
Andhra Pradesh,cluster 1,2023-07-01-23,605532,431451,99.75,52.61,Saturday,23
Andhra Pradesh,cluster 1,2023-07-02-00,515385,247495,99.72,38.94,Sunday,0
Andhra Pradesh,cluster 1,2023-07-02-01,253265,121681,99.88,38.22,Sunday,1
Andhra Pradesh,cluster 1,2023-07-02-02,163345,77998,99.73,37.28,Sunday,2
Andhra Pradesh,cluster 1,2023-07-02-03,177140,83368,99.82,37.99,Sunday,3
Andhra Pradesh,cluster 1,2023-07-02-04,288749,142013,99.88,40.02,Sunday,4
Andhra Pradesh,cluster 1,2023-07-02-05,885994,449305,99.83,43.28,Sunday,5
Andhra Pradesh,cluster 1,2023-07-02-06,2734519,1463074,99.85,46.64,Sunday,6
Andhra Pradesh,cluster 1,2023-07-02-07,5147495,2869463,99.94,49.13,Sunday,7
Andhra Pradesh,cluster 1,2023-07-02-08,7244627,4098614,99.73,50.82,Sunday,8
Andhra Pradesh,cluster 1,2023-07-02-09,8681027,4903076,99.23,51.68,Sunday,9
Andhra Pradesh,cluster 1,2023-07-02-10,9601904,5419773,99.76,52.22,Sunday,10
Andhra Pradesh,cluster 1,2023-07-02-11,9635750,5454162,99.75,52.41,Sunday,11
Andhra Pradesh,cluster 1,2023-07-02-12,9250105,5256923,99.73,52.21,Sunday,12
Andhra Pradesh,cluster 1,2023-07-02-13,8508373,4832846,99.86,51.66,Sunday,13
Andhra Pradesh,cluster 1,2023-07-02-14,7425463,4141953,99.82,50.82,Sunday,14
Andhra Pradesh,cluster 1,2023-07-02-15,6855020,3976611,99.82,39.16,Sunday,15
Andhra Pradesh,cluster 1,2023-07-02-16,5392524,3731370,99.77,38.16,Sunday,16
Andhra Pradesh,cluster 1,2023-07-02-17,4675415,3045445,99.77,37.4,Sunday,17
Andhra Pradesh,cluster 1,2023-07-02-18,3094686,2536672,99.93,37.63,Sunday,18
Andhra Pradesh,cluster 1,2023-07-02-19,5378290,3657890,99.73,40.18,Sunday,19
Andhra Pradesh,cluster 1,2023-07-02-20,5276493,3584922,99.78,43.3,Sunday,20
Andhra Pradesh,cluster 1,2023-07-02-21,732479,631398,99.81,46.75,Sunday,21
Andhra Pradesh,cluster 1,2023-07-02-22,732451,631446,99.72,49.19,Sunday,22
Andhra Pradesh,cluster 1,2023-07-02-23,605547,431470,99.81,50.83,Sunday,23
Andhra Pradesh,cluster 1,2023-07-03-00,515472,247513,99.3,51.67,Monday,0
Andhra Pradesh,cluster 1,2023-07-03-01,253242,121665,99.87,52.21,Monday,1
Andhra Pradesh,cluster 1,2023-07-03-02,163280,78056,99.91,52.46,Monday,2
Andhra Pradesh,cluster 1,2023-07-03-03,177193,83220,99.83,52.25,Monday,3
Andhra Pradesh,cluster 1,2023-07-03-04,288736,141984,99.74,51.65,Monday,4
Andhra Pradesh,cluster 1,2023-07-03-05,886075,449419,99.99,50.88,Monday,5
Andhra Pradesh,cluster 1,2023-07-03-06,2734463,1463061,99.81,38.94,Monday,6
Andhra Pradesh,cluster 1,2023-07-03-07,5147557,2869465,99.82,37.97,Monday,7
Andhra Pradesh,cluster 1,2023-07-03-08,7244538,4098553,99.77,37.34,Monday,8
Andhra Pradesh,cluster 1,2023-07-03-09,8681055,4903081,99.83,37.9,Monday,9
Andhra Pradesh,cluster 1,2023-07-03-10,9601832,5419800,99.83,40.19,Monday,10
Andhra Pradesh,cluster 1,2023-07-03-11,9635858,5454269,99.81,43.27,Monday,11
Andhra Pradesh,cluster 1,2023-07-03-12,9250052,5256878,99.89,46.74,Monday,12
Andhra Pradesh,cluster 1,2023-07-03-13,8508300,4832860,98.92,49.18,Monday,13
Andhra Pradesh,cluster 1,2023-07-03-14,7425497,4141925,99.75,50.89,Monday,14
Andhra Pradesh,cluster 1,2023-07-03-15,6854972,3976569,99.91,51.78,Monday,15
Andhra Pradesh,cluster 1,2023-07-03-16,5392527,3731369,99.87,52.25,Monday,16
Andhra Pradesh,cluster 1,2023-07-03-17,4675468,3045465,99.7,52.39,Monday,17
Andhra Pradesh,cluster 1,2023-07-03-18,3094672,2536680,99.7,52.22,Monday,18
Andhra Pradesh,cluster 1,2023-07-03-19,5392527,3731369,99.87,51.62,Monday,19
Andhra Pradesh,cluster 1,2023-07-03-20,4675468,3045465,99.7,50.79,Monday,20
Andhra Pradesh,cluster 1,2023-07-03-21,3094672,2536680,99.7,38.98,Monday,21
Andhra Pradesh,cluster 1,2023-07-03-22,732572,631433,99.84,37.8,Monday,22
Andhra Pradesh,cluster 1,2023-07-03-23,605561,431451,99.9,37.43,Monday,23
Andhra Pradesh,cluster 1,2023-07-04-00,515567,247629,99.76,38.28,Tuesday,0
Andhra Pradesh,cluster 1,2023-07-04-01,253191,121776,99.83,40.03,Tuesday,1
Andhra Pradesh,cluster 1,2023-07-04-02,163318,77970,99.78,43.17,Tuesday,2
Andhra Pradesh,cluster 1,2023-07-04-03,177212,83279,99.86,46.69,Tuesday,3
Andhra Pradesh,cluster 1,2023-07-04-04,288775,141991,99.75,49.13,Tuesday,4
Andhra Pradesh,cluster 1,2023-07-04-05,886048,449405,99.73,50.78,Tuesday,5
Andhra Pradesh,cluster 1,2023-07-04-06,2734528,1463210,99.91,51.74,Tuesday,6
Andhra Pradesh,cluster 1,2023-07-04-07,5147570,2869512,99.98,52.21,Tuesday,7
Andhra Pradesh,cluster 1,2023-07-04-08,7244543,4098675,99.86,52.34,Tuesday,8
Andhra Pradesh,cluster 1,2023-07-04-09,8681067,4903057,99.75,52.25,Tuesday,9
Andhra Pradesh,cluster 1,2023-07-04-10,9601961,5419805,99.72,51.68,Tuesday,10
Andhra Pradesh,cluster 1,2023-07-04-11,9635886,5454299,99.88,50.85,Tuesday,11
Andhra Pradesh,cluster 1,2023-07-04-12,9250167,5256980,99.73,38.91,Tuesday,12
Andhra Pradesh,cluster 1,2023-07-04-13,8508377,4832825,99.82,38.34,Tuesday,13
Andhra Pradesh,cluster 1,2023-07-04-14,7425484,4141988,99.88,37.6,Tuesday,14
Andhra Pradesh,cluster 1,2023-07-04-15,6855020,3976724,99.83,38.26,Tuesday,15
Andhra Pradesh,cluster 1,2023-07-04-16,5392452,3731457,99.85,40.14,Tuesday,16
Andhra Pradesh,cluster 1,2023-07-04-17,4675475,3045452,99.94,43.18,Tuesday,17
Andhra Pradesh,cluster 1,2023-07-04-18,3094660,2536676,99.73,46.77,Tuesday,18
Andhra Pradesh,cluster 1,2023-07-04-19,5392527,3731369,99.87,49.15,Tuesday,19
Andhra Pradesh,cluster 1,2023-07-04-20,4675468,3045465,99.7,50.82,Tuesday,20
Andhra Pradesh,cluster 1,2023-07-04-21,3094672,2536680,99.7,51.72,Tuesday,21
Andhra Pradesh,cluster 1,2023-07-04-22,732531,631494,99.73,52.2,Tuesday,22
Andhra Pradesh,cluster 1,2023-07-04-23,605630,431552,99.86,52.36,Tuesday,23
Andhra Pradesh,cluster 2,2023-06-27-00,514424,245939,99.77,39.4,Tuesday,0
Andhra Pradesh,cluster 2,2023-06-27-01,252972,121159,99.77,38.33,Tuesday,1
Andhra Pradesh,cluster 2,2023-06-27-02,163049,77837,99.74,39.39,Tuesday,2
Andhra Pradesh,cluster 2,2023-06-27-03,170803,82147,99.8,39.8,Tuesday,3
Andhra Pradesh,cluster 2,2023-06-27-04,287152,141151,99.81,43.14,Tuesday,4
Andhra Pradesh,cluster 2,2023-06-27-05,890717,450552,99.81,45.11,Tuesday,5
Andhra Pradesh,cluster 2,2023-06-27-06,2741927,1465373,99.81,48.28,Tuesday,6
Andhra Pradesh,cluster 2,2023-06-27-07,5161031,2877140,99.82,51.49,Tuesday,7
Andhra Pradesh,cluster 2,2023-06-27-08,7244555,4101602,99.82,53.63,Tuesday,8
Andhra Pradesh,cluster 2,2023-06-27-09,8716449,4923309,99.8,54.73,Tuesday,9
Andhra Pradesh,cluster 2,2023-06-27-10,9617420,5431028,99.78,55.46,Tuesday,10
Andhra Pradesh,cluster 2,2023-06-27-11,9643575,5457618,99.77,55.87,Tuesday,11
Andhra Pradesh,cluster 2,2023-06-27-12,9258978,5264602,99.78,55.79,Tuesday,12
Andhra Pradesh,cluster 2,2023-06-27-13,8527846,4839300,99.77,55.54,Tuesday,13
Andhra Pradesh,cluster 2,2023-06-27-14,7442812,4148583,99.76,53.94,Tuesday,14
Andhra Pradesh,cluster 2,2023-06-27-15,514475,245992,99.72,34.05,Tuesday,15
Andhra Pradesh,cluster 2,2023-06-27-16,252986,121255,99.82,33.82,Tuesday,16
Andhra Pradesh,cluster 2,2023-06-27-17,163113,77838,99.75,34.72,Tuesday,17
Andhra Pradesh,cluster 2,2023-06-27-18,170827,82150,99.85,35.88,Tuesday,18
Andhra Pradesh,cluster 2,2023-06-27-19,287194,141156,99.91,38.75,Tuesday,19
Andhra Pradesh,cluster 2,2023-06-27-20,890726,450561,99.73,41.4,Tuesday,20
Andhra Pradesh,cluster 2,2023-06-27-21,2741942,1465413,99.86,44.34,Tuesday,21
Andhra Pradesh,cluster 2,2023-06-27-22,5161114,2877177,99.79,47.94,Tuesday,22
Andhra Pradesh,cluster 2,2023-06-27-23,7244637,4101674,99.73,50.67,Tuesday,23
Andhra Pradesh,cluster 2,2023-06-28-00,8716475,4923350,99.78,52.3,Wednesday,0
Andhra Pradesh,cluster 2,2023-06-28-01,9617499,5431100,99.92,53.09,Wednesday,1
Andhra Pradesh,cluster 2,2023-06-28-02,9643621,5457648,99.73,53.39,Wednesday,2
Andhra Pradesh,cluster 2,2023-06-28-03,9259070,5264611,99.87,53.49,Wednesday,3
Andhra Pradesh,cluster 2,2023-06-28-04,8527941,4839387,99.81,52.76,Wednesday,4
Andhra Pradesh,cluster 2,2023-06-28-05,7442867,4148636,99.86,52.39,Wednesday,5
Andhra Pradesh,cluster 2,2023-06-28-06,514493,246010,99.84,34.5,Wednesday,6
Andhra Pradesh,cluster 2,2023-06-28-07,252990,121234,99.7,34.21,Wednesday,7
Andhra Pradesh,cluster 2,2023-06-28-08,163102,77847,99.81,34.78,Wednesday,8
Andhra Pradesh,cluster 2,2023-06-28-09,170873,82234,99.84,35.72,Wednesday,9
Andhra Pradesh,cluster 2,2023-06-28-10,287210,141191,99.73,38.45,Wednesday,10
Andhra Pradesh,cluster 2,2023-06-28-11,890806,450618,99.73,41.61,Wednesday,11
Andhra Pradesh,cluster 2,2023-06-28-12,2741985,1465469,99.83,44.45,Wednesday,12
Andhra Pradesh,cluster 2,2023-06-28-13,5161069,2877149,99.81,48.07,Wednesday,13
Andhra Pradesh,cluster 2,2023-06-28-14,7244632,4101632,99.84,50.73,Wednesday,14
Andhra Pradesh,cluster 2,2023-06-28-15,8716496,4923341,99.73,52.27,Wednesday,15
Andhra Pradesh,cluster 2,2023-06-28-16,9617509,5431054,99.81,53.1,Wednesday,16
Andhra Pradesh,cluster 2,2023-06-28-17,9643577,5457673,99.82,53.43,Wednesday,17
Andhra Pradesh,cluster 2,2023-06-28-18,9259002,5264652,99.73,53.49,Wednesday,18
Andhra Pradesh,cluster 2,2023-06-28-19,8527920,4839320,99.94,52.77,Wednesday,19
Andhra Pradesh,cluster 2,2023-06-28-20,7442895,4148603,99.79,51.48,Wednesday,20
Andhra Pradesh,cluster 2,2023-06-28-21,514548,246085,99.88,44.86,Wednesday,21
Andhra Pradesh,cluster 2,2023-06-28-22,253066,121319,99.97,45.16,Wednesday,22
Andhra Pradesh,cluster 2,2023-06-28-23,163150,77876,99.7,45.48,Wednesday,23
Andhra Pradesh,cluster 2,2023-06-29-00,170921,82171,99.81,46.6,Thursday,0
Andhra Pradesh,cluster 2,2023-06-29-01,287249,141238,99.85,47.91,Thursday,1
Andhra Pradesh,cluster 2,2023-06-29-02,890731,450575,99.89,49.61,Thursday,2
Andhra Pradesh,cluster 2,2023-06-29-03,2742030,1465429,99.78,52.67,Thursday,3
Andhra Pradesh,cluster 2,2023-06-29-04,5161125,2877239,99.8,55.23,Thursday,4
Andhra Pradesh,cluster 2,2023-06-29-05,7244644,4101754,99.74,56.47,Thursday,5
Andhra Pradesh,cluster 2,2023-06-29-06,8716499,4923370,99.91,56.54,Thursday,6
Andhra Pradesh,cluster 2,2023-06-29-07,9617530,5431150,99.94,56.41,Thursday,7
Andhra Pradesh,cluster 2,2023-06-29-08,9643657,5457740,99.83,56.53,Thursday,8
Andhra Pradesh,cluster 2,2023-06-29-09,9259083,5264660,99.82,56.61,Thursday,9
Andhra Pradesh,cluster 2,2023-06-29-10,8528001,4839467,99.93,56.54,Thursday,10
Andhra Pradesh,cluster 2,2023-06-29-11,7442895,4148651,99.74,55.9,Thursday,11
Andhra Pradesh,cluster 2,2023-06-29-12,514455,245964,99.79,45.03,Thursday,12
Andhra Pradesh,cluster 2,2023-06-29-13,252973,121223,99.83,44.99,Thursday,13
Andhra Pradesh,cluster 2,2023-06-29-14,163137,77845,99.73,44.62,Thursday,14
Andhra Pradesh,cluster 2,2023-06-29-15,170832,82220,99.78,46.84,Thursday,15
Andhra Pradesh,cluster 2,2023-06-29-16,287243,141171,99.84,47.65,Thursday,16
Andhra Pradesh,cluster 2,2023-06-29-17,890724,450646,99.73,49.53,Thursday,17
Andhra Pradesh,cluster 2,2023-06-29-18,2741947,1465383,99.79,52.47,Thursday,18
Andhra Pradesh,cluster 2,2023-06-29-19,5161079,2877155,99.93,55.16,Thursday,19
Andhra Pradesh,cluster 2,2023-06-29-20,7244639,4101659,99.83,56.42,Thursday,20
Andhra Pradesh,cluster 2,2023-06-29-21,8716527,4923342,99.78,56.55,Thursday,21
Andhra Pradesh,cluster 2,2023-06-29-22,9617507,5431047,99.72,56.42,Thursday,22
Andhra Pradesh,cluster 2,2023-06-29-23,9643582,5457622,99.79,56.53,Thursday,23
Andhra Pradesh,cluster 2,2023-06-30-00,9258981,5264614,99.8,56.59,Friday,0
Andhra Pradesh,cluster 2,2023-06-30-01,8527854,4839353,99.76,56.54,Friday,1
Andhra Pradesh,cluster 2,2023-06-30-02,7442896,4148641,99.77,55.92,Friday,2
Andhra Pradesh,cluster 2,2023-06-30-03,514499,246036,99.74,45.04,Friday,3
Andhra Pradesh,cluster 2,2023-06-30-04,252998,121284,99.93,45.15,Friday,4
Andhra Pradesh,cluster 2,2023-06-30-05,163212,77936,99.81,45.19,Friday,5
Andhra Pradesh,cluster 2,2023-06-30-06,170880,82156,99.89,46.95,Friday,6
Andhra Pradesh,cluster 2,2023-06-30-07,287218,141182,99.96,48.21,Friday,7
Andhra Pradesh,cluster 2,2023-06-30-08,890792,450611,99.77,49.53,Friday,8
Andhra Pradesh,cluster 2,2023-06-30-09,2741972,1465454,99.94,52.57,Friday,9
Andhra Pradesh,cluster 2,2023-06-30-10,5161195,2877242,99.79,55.23,Friday,10
Andhra Pradesh,cluster 2,2023-06-30-11,7244657,4101712,99.78,56.54,Friday,11
Andhra Pradesh,cluster 2,2023-06-30-12,8716519,4923394,99.73,56.59,Friday,12
Andhra Pradesh,cluster 2,2023-06-30-13,9617531,5431187,99.91,56.41,Friday,13
Andhra Pradesh,cluster 2,2023-06-30-14,9643666,5457659,99.72,56.5,Friday,14
Andhra Pradesh,cluster 2,2023-06-30-15,9259150,5264644,99.86,56.58,Friday,15
Andhra Pradesh,cluster 2,2023-06-30-16,8528025,4839399,99.92,56.49,Friday,16
Andhra Pradesh,cluster 2,2023-06-30-17,7442924,4148645,99.81,55.9,Friday,17
Andhra Pradesh,cluster 2,2023-06-30-18,514497,246094,99.86,42.52,Friday,18
Andhra Pradesh,cluster 2,2023-06-30-19,253089,121234,99.76,42.11,Friday,19
Andhra Pradesh,cluster 2,2023-06-30-20,163168,77854,99.78,42.57,Friday,20
Andhra Pradesh,cluster 2,2023-06-30-21,170922,82252,99.81,43.93,Friday,21
Andhra Pradesh,cluster 2,2023-06-30-22,287274,141282,99.8,45.55,Friday,22
Andhra Pradesh,cluster 2,2023-06-30-23,890870,450690,99.79,47.39,Friday,23
Andhra Pradesh,cluster 2,2023-07-01-00,2742034,1465535,99.78,50.43,Saturday,0
Andhra Pradesh,cluster 2,2023-07-01-01,5161106,2877195,99.77,53.27,Saturday,1
Andhra Pradesh,cluster 2,2023-07-01-02,7244729,4101660,99.78,54.77,Saturday,2
Andhra Pradesh,cluster 2,2023-07-01-03,8716510,4923411,99.82,54.95,Saturday,3
Andhra Pradesh,cluster 2,2023-07-01-04,9617573,5431067,99.88,54.7,Saturday,4
Andhra Pradesh,cluster 2,2023-07-01-05,9643643,5457702,99.81,54.82,Saturday,5
Andhra Pradesh,cluster 2,2023-07-01-06,9259040,5264693,99.81,54.93,Saturday,6
Andhra Pradesh,cluster 2,2023-07-01-07,8527975,4839415,99.79,54.81,Saturday,7
Andhra Pradesh,cluster 2,2023-07-01-08,7442923,4148614,99.74,54.17,Saturday,8
Andhra Pradesh,cluster 2,2023-07-01-09,514619,246175,99.77,45.26,Saturday,9
Andhra Pradesh,cluster 2,2023-07-01-10,253100,121379,99.97,43.38,Saturday,10
Andhra Pradesh,cluster 2,2023-07-01-11,163197,77905,99.81,43.36,Saturday,11
Andhra Pradesh,cluster 2,2023-07-01-12,170974,82202,99.97,46.09,Saturday,12
Andhra Pradesh,cluster 2,2023-07-01-13,287284,141269,99.78,47,Saturday,13
Andhra Pradesh,cluster 2,2023-07-01-14,890821,450656,99.85,49.08,Saturday,14
Andhra Pradesh,cluster 2,2023-07-01-15,2742042,1465499,99.91,52.44,Saturday,15
Andhra Pradesh,cluster 2,2023-07-01-16,5161170,2877267,99.79,54.85,Saturday,16
Andhra Pradesh,cluster 2,2023-07-01-17,7244737,4101847,99.74,55.4,Saturday,17
Andhra Pradesh,cluster 2,2023-07-01-18,8716562,4923438,99.87,55.16,Saturday,18
Andhra Pradesh,cluster 2,2023-07-01-19,9617594,5431192,99.95,55.57,Saturday,19
Andhra Pradesh,cluster 2,2023-07-01-20,9643736,5457805,99.8,56.09,Saturday,20
Andhra Pradesh,cluster 2,2023-07-01-21,9259100,5264724,99.88,56.43,Saturday,21
Andhra Pradesh,cluster 2,2023-07-01-22,8528011,4839557,99.86,56.52,Saturday,22
Andhra Pradesh,cluster 2,2023-07-01-23,7442974,4148665,99.74,56.11,Saturday,23
Andhra Pradesh,cluster 2,2023-07-02-00,514433,246020,99.74,44.99,Sunday,0
Andhra Pradesh,cluster 2,2023-07-02-01,253066,121249,99.78,44.05,Sunday,1
Andhra Pradesh,cluster 2,2023-07-02-02,163064,77850,99.73,43.55,Sunday,2
Andhra Pradesh,cluster 2,2023-07-02-03,170810,82237,99.75,46.08,Sunday,3
Andhra Pradesh,cluster 2,2023-07-02-04,287174,141218,99.87,47.02,Sunday,4
Andhra Pradesh,cluster 2,2023-07-02-05,890747,450616,99.78,48.85,Sunday,5
Andhra Pradesh,cluster 2,2023-07-02-06,2741941,1465400,99.79,52.54,Sunday,6
Andhra Pradesh,cluster 2,2023-07-02-07,5161119,2877222,99.72,54.88,Sunday,7
Andhra Pradesh,cluster 2,2023-07-02-08,7244625,4101614,99.96,55.35,Sunday,8
Andhra Pradesh,cluster 2,2023-07-02-09,8716540,4923343,99.89,55.11,Sunday,9
Andhra Pradesh,cluster 2,2023-07-02-10,9617448,5431054,99.86,55.58,Sunday,10
Andhra Pradesh,cluster 2,2023-07-02-11,9643629,5457691,99.73,56.08,Sunday,11
Andhra Pradesh,cluster 2,2023-07-02-12,9259008,5264675,99.73,56.44,Sunday,12
Andhra Pradesh,cluster 2,2023-07-02-13,8527905,4839332,99.8,56.51,Sunday,13
Andhra Pradesh,cluster 2,2023-07-02-14,7442902,4148625,99.78,56.14,Sunday,14
Andhra Pradesh,cluster 2,2023-07-02-15,514527,246031,99.79,49.16,Sunday,15
Andhra Pradesh,cluster 2,2023-07-02-16,253067,121293,99.76,45.42,Sunday,16
Andhra Pradesh,cluster 2,2023-07-02-17,163170,77914,99.72,43.49,Sunday,17
Andhra Pradesh,cluster 2,2023-07-02-18,170836,82242,99.9,43.88,Sunday,18
Andhra Pradesh,cluster 2,2023-07-02-19,287276,141172,99.8,46.07,Sunday,19
Andhra Pradesh,cluster 2,2023-07-02-20,890769,450576,99.76,48.21,Sunday,20
Andhra Pradesh,cluster 2,2023-07-02-21,2742008,1465442,99.83,51.08,Sunday,21
Andhra Pradesh,cluster 2,2023-07-02-22,5161158,2877203,99.72,53.68,Sunday,22
Andhra Pradesh,cluster 2,2023-07-02-23,7244727,4101710,99.79,55.09,Sunday,23
Andhra Pradesh,cluster 2,2023-07-03-00,8716557,4923373,99.75,56.29,Monday,0
Andhra Pradesh,cluster 2,2023-07-03-01,9617542,5431154,99.81,57.01,Monday,1
Andhra Pradesh,cluster 2,2023-07-03-02,9643665,5457723,99.75,57.56,Monday,2
Andhra Pradesh,cluster 2,2023-07-03-03,9259154,5264659,99.73,57.61,Monday,3
Andhra Pradesh,cluster 2,2023-07-03-04,8527953,4839399,99.8,57.74,Monday,4
Andhra Pradesh,cluster 2,2023-07-03-05,7442868,4148686,99.8,57.48,Monday,5
Andhra Pradesh,cluster 2,2023-07-03-06,514574,246017,99.78,48.99,Monday,6
Andhra Pradesh,cluster 2,2023-07-03-07,253048,121284,99.79,45.44,Monday,7
Andhra Pradesh,cluster 2,2023-07-03-08,163197,77866,99.82,43.6,Monday,8
Andhra Pradesh,cluster 2,2023-07-03-09,170919,82250,99.79,43.88,Monday,9
Andhra Pradesh,cluster 2,2023-07-03-10,287246,141273,99.78,46.21,Monday,10
Andhra Pradesh,cluster 2,2023-07-03-11,890848,450705,99.81,48.05,Monday,11
Andhra Pradesh,cluster 2,2023-07-03-12,2742016,1465515,99.82,51.11,Monday,12
Andhra Pradesh,cluster 2,2023-07-03-13,5161150,2877216,99.82,53.78,Monday,13
Andhra Pradesh,cluster 2,2023-07-03-14,7244666,4101690,99.82,55.19,Monday,14
Andhra Pradesh,cluster 2,2023-07-03-15,8716530,4923409,99.73,56.29,Monday,15
Andhra Pradesh,cluster 2,2023-07-03-16,9617564,5431080,99.83,56.97,Monday,16
Andhra Pradesh,cluster 2,2023-07-03-17,9643615,5457698,99.77,57.56,Monday,17
Andhra Pradesh,cluster 2,2023-07-03-18,9259008,5264678,99.73,57.69,Monday,18
Andhra Pradesh,cluster 2,2023-07-03-19,8527943,4839365,99.95,57.73,Monday,19
Andhra Pradesh,cluster 2,2023-07-03-20,7442944,4148657,99.88,57.22,Monday,20
Andhra Pradesh,cluster 2,2023-07-03-21,514622,246178,99.81,42.04,Monday,21
Andhra Pradesh,cluster 2,2023-07-03-22,253106,121383,99.9,40.94,Monday,22
Andhra Pradesh,cluster 2,2023-07-03-23,163203,77878,99.77,39.32,Monday,23
Andhra Pradesh,cluster 2,2023-07-04-00,170985,82257,99.88,38.85,Tuesday,0
Andhra Pradesh,cluster 2,2023-07-04-01,287249,141337,99.7,39.63,Tuesday,1
Andhra Pradesh,cluster 2,2023-07-04-02,890828,450585,99.95,41.15,Tuesday,2
Andhra Pradesh,cluster 2,2023-07-04-03,2742061,1465490,99.85,45.13,Tuesday,3
Andhra Pradesh,cluster 2,2023-07-04-04,5161133,2877252,99.83,48.75,Tuesday,4
Andhra Pradesh,cluster 2,2023-07-04-05,7244658,4101799,99.72,50.75,Tuesday,5
Andhra Pradesh,cluster 2,2023-07-04-06,8716531,4923406,99.86,51.8,Tuesday,6
Andhra Pradesh,cluster 2,2023-07-04-07,9617629,5431205,99.84,52.58,Tuesday,7
Andhra Pradesh,cluster 2,2023-07-04-08,9643688,5457836,99.76,53.19,Tuesday,8
Andhra Pradesh,cluster 2,2023-07-04-09,9259130,5264686,99.7,53.5,Tuesday,9
Andhra Pradesh,cluster 2,2023-07-04-10,8528042,4839488,99.84,53.34,Tuesday,10
Andhra Pradesh,cluster 2,2023-07-04-11,7442994,4148715,99.77,52.1,Tuesday,11
Andhra Pradesh,cluster 2,2023-07-04-12,514506,246015,99.75,42.06,Tuesday,12
Andhra Pradesh,cluster 2,2023-07-04-13,252995,121312,99.86,40.56,Tuesday,13
Andhra Pradesh,cluster 2,2023-07-04-14,163169,77877,99.77,39.21,Tuesday,14
Andhra Pradesh,cluster 2,2023-07-04-15,170921,82301,99.83,38.81,Tuesday,15
Andhra Pradesh,cluster 2,2023-07-04-16,287253,141264,99.9,39.38,Tuesday,16
Andhra Pradesh,cluster 2,2023-07-04-17,890791,450709,99.7,41.05,Tuesday,17
Andhra Pradesh,cluster 2,2023-07-04-18,2741992,1465384,99.92,45.1,Tuesday,18
Andhra Pradesh,cluster 2,2023-07-04-19,5161084,2877192,99.89,48.73,Tuesday,19
Andhra Pradesh,cluster 2,2023-07-04-20,7244690,4101715,99.86,50.74,Tuesday,20
Andhra Pradesh,cluster 2,2023-07-04-21,8716584,4923376,99.7,51.7,Tuesday,21
Andhra Pradesh,cluster 2,2023-07-04-22,9617558,5431097,99.73,52.58,Tuesday,22
Andhra Pradesh,cluster 2,2023-07-04-23,9643652,5457654,99.74,53.17,Tuesday,23
Andhra Pradesh,cluster 3,2023-06-27-00,512649,243034,99.79,49.3,Tuesday,0
Andhra Pradesh,cluster 3,2023-06-27-01,250085,119109,99.81,46.71,Tuesday,1
Andhra Pradesh,cluster 3,2023-06-27-02,159767,75955,99.79,45.98,Tuesday,2
Andhra Pradesh,cluster 3,2023-06-27-03,169880,81955,99.82,46.25,Tuesday,3
Andhra Pradesh,cluster 3,2023-06-27-04,285850,141410,99.82,46.4,Tuesday,4
Andhra Pradesh,cluster 3,2023-06-27-05,891991,451890,99.82,47.07,Tuesday,5
Andhra Pradesh,cluster 3,2023-06-27-06,2749089,1469172,99.82,51.1,Tuesday,6
Andhra Pradesh,cluster 3,2023-06-27-07,5156928,2876799,99.81,53.12,Tuesday,7
Andhra Pradesh,cluster 3,2023-06-27-08,7251751,4104447,99.82,54.38,Tuesday,8
Andhra Pradesh,cluster 3,2023-06-27-09,8710011,4922842,99.79,54.69,Tuesday,9
Andhra Pradesh,cluster 3,2023-06-27-10,9620201,5430308,99.78,55.67,Tuesday,10
Andhra Pradesh,cluster 3,2023-06-27-11,9649216,5463338,99.77,56.31,Tuesday,11
Andhra Pradesh,cluster 3,2023-06-27-12,9257408,5265004,99.77,56.25,Tuesday,12
Andhra Pradesh,cluster 3,2023-06-27-13,8521144,4840616,99.77,56.18,Tuesday,13
Andhra Pradesh,cluster 3,2023-06-27-14,7449219,4153071,99.78,53.44,Tuesday,14
Andhra Pradesh,cluster 3,2023-06-27-15,512672,243039,99.78,37.77,Tuesday,15
Andhra Pradesh,cluster 3,2023-06-27-16,250103,119185,99.72,35.63,Tuesday,16
Andhra Pradesh,cluster 3,2023-06-27-17,159802,76004,99.88,35.13,Tuesday,17
Andhra Pradesh,cluster 3,2023-06-27-18,169884,82015,99.77,36.82,Tuesday,18
Andhra Pradesh,cluster 3,2023-06-27-19,285908,141447,99.89,41.05,Tuesday,19
Andhra Pradesh,cluster 3,2023-06-27-20,892037,451890,99.75,44,Tuesday,20
Andhra Pradesh,cluster 3,2023-06-27-21,2749143,1469270,99.74,46.57,Tuesday,21
Andhra Pradesh,cluster 3,2023-06-27-22,5156966,2876853,99.84,49.72,Tuesday,22
Andhra Pradesh,cluster 3,2023-06-27-23,7251781,4104485,99.73,51.13,Tuesday,23
Andhra Pradesh,cluster 3,2023-06-28-00,8710094,4922936,99.73,52.15,Wednesday,0
Andhra Pradesh,cluster 3,2023-06-28-01,9620284,5430396,99.82,52.66,Wednesday,1
Andhra Pradesh,cluster 3,2023-06-28-02,9649229,5463420,99.86,53.19,Wednesday,2
Andhra Pradesh,cluster 3,2023-06-28-03,9257466,5265059,99.78,52.98,Wednesday,3
Andhra Pradesh,cluster 3,2023-06-28-04,8521170,4840685,99.7,52.8,Wednesday,4
Andhra Pradesh,cluster 3,2023-06-28-05,7449252,4153118,99.79,50.13,Wednesday,5
Andhra Pradesh,cluster 3,2023-06-28-06,512670,243126,99.81,37.91,Wednesday,6
Andhra Pradesh,cluster 3,2023-06-28-07,250180,119199,99.77,36.01,Wednesday,7
Andhra Pradesh,cluster 3,2023-06-28-08,159802,75992,99.88,34.94,Wednesday,8
Andhra Pradesh,cluster 3,2023-06-28-09,169882,82052,99.91,37.21,Wednesday,9
Andhra Pradesh,cluster 3,2023-06-28-10,285897,141436,99.74,41.38,Wednesday,10
Andhra Pradesh,cluster 3,2023-06-28-11,892072,451985,99.78,43.99,Wednesday,11
Andhra Pradesh,cluster 3,2023-06-28-12,2749175,1469202,99.79,46.62,Wednesday,12
Andhra Pradesh,cluster 3,2023-06-28-13,5156943,2876816,99.78,49.63,Wednesday,13
Andhra Pradesh,cluster 3,2023-06-28-14,7251776,4104546,99.73,51.15,Wednesday,14
Andhra Pradesh,cluster 3,2023-06-28-15,8710046,4922853,99.8,52.15,Wednesday,15
Andhra Pradesh,cluster 3,2023-06-28-16,9620210,5430382,99.75,52.74,Wednesday,16
Andhra Pradesh,cluster 3,2023-06-28-17,9649268,5463395,99.78,53.06,Wednesday,17
Andhra Pradesh,cluster 3,2023-06-28-18,9257422,5265042,99.88,52.84,Wednesday,18
Andhra Pradesh,cluster 3,2023-06-28-19,8521192,4840703,99.72,52.68,Wednesday,19
Andhra Pradesh,cluster 3,2023-06-28-20,7449311,4153093,99.9,50.85,Wednesday,20
Andhra Pradesh,cluster 3,2023-06-28-21,512687,243100,99.7,41.32,Wednesday,21
Andhra Pradesh,cluster 3,2023-06-28-22,250156,119218,99.91,40.4,Wednesday,22
Andhra Pradesh,cluster 3,2023-06-28-23,159815,76102,99.87,40.36,Wednesday,23
Andhra Pradesh,cluster 3,2023-06-29-00,169930,82018,99.75,41.1,Thursday,0
Andhra Pradesh,cluster 3,2023-06-29-01,285909,141496,99.95,43.29,Thursday,1
Andhra Pradesh,cluster 3,2023-06-29-02,892099,451894,99.74,45.18,Thursday,2
Andhra Pradesh,cluster 3,2023-06-29-03,2749148,1469315,99.79,48.11,Thursday,3
Andhra Pradesh,cluster 3,2023-06-29-04,5157000,2876926,99.76,50.36,Thursday,4
Andhra Pradesh,cluster 3,2023-06-29-05,7251846,4104563,99.75,52.43,Thursday,5
Andhra Pradesh,cluster 3,2023-06-29-06,8710138,4923030,99.74,53.6,Thursday,6
Andhra Pradesh,cluster 3,2023-06-29-07,9620289,5430431,99.73,54.06,Thursday,7
Andhra Pradesh,cluster 3,2023-06-29-08,9649328,5463476,99.83,54.45,Thursday,8
Andhra Pradesh,cluster 3,2023-06-29-09,9257560,5265095,99.76,54.52,Thursday,9
Andhra Pradesh,cluster 3,2023-06-29-10,8521175,4840754,99.7,54.19,Thursday,10
Andhra Pradesh,cluster 3,2023-06-29-11,7449252,4153119,99.75,52.48,Thursday,11
Andhra Pradesh,cluster 3,2023-06-29-12,512732,243077,99.83,41.19,Thursday,12
Andhra Pradesh,cluster 3,2023-06-29-13,250146,119188,99.88,40.74,Thursday,13
Andhra Pradesh,cluster 3,2023-06-29-14,159844,76045,99.77,40.27,Thursday,14
Andhra Pradesh,cluster 3,2023-06-29-15,169917,81986,99.73,41.29,Thursday,15
Andhra Pradesh,cluster 3,2023-06-29-16,285882,141491,99.76,43.03,Thursday,16
Andhra Pradesh,cluster 3,2023-06-29-17,892000,451917,99.87,44.98,Thursday,17
Andhra Pradesh,cluster 3,2023-06-29-18,2749133,1469201,99.73,48.03,Thursday,18
Andhra Pradesh,cluster 3,2023-06-29-19,5157025,2876808,99.84,50.27,Thursday,19
Andhra Pradesh,cluster 3,2023-06-29-20,7251779,4104531,99.87,52.33,Thursday,20
Andhra Pradesh,cluster 3,2023-06-29-21,8710110,4922860,99.95,53.56,Thursday,21
Andhra Pradesh,cluster 3,2023-06-29-22,9620288,5430350,99.73,54.04,Thursday,22
Andhra Pradesh,cluster 3,2023-06-29-23,9649218,5463437,99.84,54.41,Thursday,23
Andhra Pradesh,cluster 3,2023-06-30-00,9257436,5265053,99.74,54.49,Friday,0
Andhra Pradesh,cluster 3,2023-06-30-01,8521210,4840697,99.74,54.07,Friday,1
Andhra Pradesh,cluster 3,2023-06-30-02,7449311,4153145,99.8,52.35,Friday,2
Andhra Pradesh,cluster 3,2023-06-30-03,512701,243092,99.82,42.04,Friday,3
Andhra Pradesh,cluster 3,2023-06-30-04,250153,119259,99.85,41.25,Friday,4
Andhra Pradesh,cluster 3,2023-06-30-05,159818,76101,99.83,40.96,Friday,5
Andhra Pradesh,cluster 3,2023-06-30-06,169983,82109,99.74,41.93,Friday,6
Andhra Pradesh,cluster 3,2023-06-30-07,285920,141526,99.96,43.4,Friday,7
Andhra Pradesh,cluster 3,2023-06-30-08,892053,451985,99.73,45.27,Friday,8
Andhra Pradesh,cluster 3,2023-06-30-09,2749198,1469305,99.74,48.27,Friday,9
Andhra Pradesh,cluster 3,2023-06-30-10,5156991,2876927,99.81,50.53,Friday,10
Andhra Pradesh,cluster 3,2023-06-30-11,7251828,4104580,99.88,52.47,Friday,11
Andhra Pradesh,cluster 3,2023-06-30-12,8710166,4922981,99.74,53.71,Friday,12
Andhra Pradesh,cluster 3,2023-06-30-13,9620343,5430419,99.98,54.16,Friday,13
Andhra Pradesh,cluster 3,2023-06-30-14,9649299,5463454,99.73,54.49,Friday,14
Andhra Pradesh,cluster 3,2023-06-30-15,9257513,5265072,99.73,54.66,Friday,15
Andhra Pradesh,cluster 3,2023-06-30-16,8521242,4840704,99.81,54.29,Friday,16
Andhra Pradesh,cluster 3,2023-06-30-17,7449262,4153185,99.79,52.53,Friday,17
Andhra Pradesh,cluster 3,2023-06-30-18,512735,243215,99.91,42.04,Friday,18
Andhra Pradesh,cluster 3,2023-06-30-19,250215,119282,99.78,41.61,Friday,19
Andhra Pradesh,cluster 3,2023-06-30-20,159861,76005,99.84,41.49,Friday,20
Andhra Pradesh,cluster 3,2023-06-30-21,169956,82121,99.81,42.88,Friday,21
Andhra Pradesh,cluster 3,2023-06-30-22,285982,141463,99.76,44.27,Friday,22
Andhra Pradesh,cluster 3,2023-06-30-23,892141,452026,99.79,44.8,Friday,23
Andhra Pradesh,cluster 3,2023-07-01-00,2749180,1469284,99.8,47.16,Saturday,0
Andhra Pradesh,cluster 3,2023-07-01-01,5156988,2876909,99.81,50.2,Saturday,1
Andhra Pradesh,cluster 3,2023-07-01-02,7251805,4104605,99.7,52.65,Saturday,2
Andhra Pradesh,cluster 3,2023-07-01-03,8710100,4922939,99.7,53.76,Saturday,3
Andhra Pradesh,cluster 3,2023-07-01-04,9620241,5430450,99.73,54.63,Saturday,4
Andhra Pradesh,cluster 3,2023-07-01-05,9649285,5463430,99.82,55.05,Saturday,5
Andhra Pradesh,cluster 3,2023-07-01-06,9257511,5265092,99.85,55.24,Saturday,6
Andhra Pradesh,cluster 3,2023-07-01-07,8521279,4840781,99.86,55.11,Saturday,7
Andhra Pradesh,cluster 3,2023-07-01-08,7449328,4153102,99.74,54.5,Saturday,8
Andhra Pradesh,cluster 3,2023-07-01-09,512768,243129,99.87,41.81,Saturday,9
Andhra Pradesh,cluster 3,2023-07-01-10,250180,119227,99.82,41.18,Saturday,10
Andhra Pradesh,cluster 3,2023-07-01-11,159906,76191,99.77,41.89,Saturday,11
Andhra Pradesh,cluster 3,2023-07-01-12,169998,82090,99.72,42.98,Saturday,12
Andhra Pradesh,cluster 3,2023-07-01-13,285969,141530,99.86,43.89,Saturday,13
Andhra Pradesh,cluster 3,2023-07-01-14,892155,451966,99.78,44.76,Saturday,14
Andhra Pradesh,cluster 3,2023-07-01-15,2749201,1469383,99.87,47.16,Saturday,15
Andhra Pradesh,cluster 3,2023-07-01-16,5157051,2876983,99.92,50.21,Saturday,16
Andhra Pradesh,cluster 3,2023-07-01-17,7251875,4104620,99.81,52.64,Saturday,17
Andhra Pradesh,cluster 3,2023-07-01-18,8710169,4923057,99.75,53.67,Saturday,18
Andhra Pradesh,cluster 3,2023-07-01-19,9620312,5430509,99.7,54.63,Saturday,19
Andhra Pradesh,cluster 3,2023-07-01-20,9649328,5463572,99.77,55.04,Saturday,20
Andhra Pradesh,cluster 3,2023-07-01-21,9257575,5265125,99.72,55.23,Saturday,21
Andhra Pradesh,cluster 3,2023-07-01-22,8521241,4840768,99.76,55.08,Saturday,22
Andhra Pradesh,cluster 3,2023-07-01-23,7449286,4153205,99.78,54.54,Saturday,23
Andhra Pradesh,cluster 3,2023-07-02-00,512682,243088,99.78,41.3,Sunday,0
Andhra Pradesh,cluster 3,2023-07-02-01,250140,119207,99.77,40.22,Sunday,1
Andhra Pradesh,cluster 3,2023-07-02-02,159793,75963,99.73,39.55,Sunday,2
Andhra Pradesh,cluster 3,2023-07-02-03,169970,82053,99.84,40.09,Sunday,3
Andhra Pradesh,cluster 3,2023-07-02-04,285914,141446,99.91,41.62,Sunday,4
Andhra Pradesh,cluster 3,2023-07-02-05,892029,451968,99.85,43.56,Sunday,5
Andhra Pradesh,cluster 3,2023-07-02-06,2749180,1469204,99.83,48.1,Sunday,6
Andhra Pradesh,cluster 3,2023-07-02-07,5157027,2876824,99.78,51.35,Sunday,7
Andhra Pradesh,cluster 3,2023-07-02-08,7251833,4104533,99.81,52.97,Sunday,8
Andhra Pradesh,cluster 3,2023-07-02-09,8710089,4922891,99.94,53.69,Sunday,9
Andhra Pradesh,cluster 3,2023-07-02-10,9620216,5430397,99.72,54.1,Sunday,10
Andhra Pradesh,cluster 3,2023-07-02-11,9649234,5463351,99.83,54.3,Sunday,11
Andhra Pradesh,cluster 3,2023-07-02-12,9257457,5265059,99.74,54.25,Sunday,12
Andhra Pradesh,cluster 3,2023-07-02-13,8521226,4840707,99.73,53.68,Sunday,13
Andhra Pradesh,cluster 3,2023-07-02-14,7449284,4153087,99.9,52.5,Sunday,14
Andhra Pradesh,cluster 3,2023-07-02-15,512764,243049,99.72,41.55,Sunday,15
Andhra Pradesh,cluster 3,2023-07-02-16,250184,119200,99.7,40.06,Sunday,16
Andhra Pradesh,cluster 3,2023-07-02-17,159821,76012,99.76,39.42,Sunday,17
Andhra Pradesh,cluster 3,2023-07-02-18,169929,82086,99.8,39.8,Sunday,18
Andhra Pradesh,cluster 3,2023-07-02-19,285956,141532,99.88,41.53,Sunday,19
Andhra Pradesh,cluster 3,2023-07-02-20,892089,451919,99.88,43.79,Sunday,20
Andhra Pradesh,cluster 3,2023-07-02-21,2749239,1469297,99.76,48.08,Sunday,21
Andhra Pradesh,cluster 3,2023-07-02-22,5157033,2876882,99.96,51.38,Sunday,22
Andhra Pradesh,cluster 3,2023-07-02-23,7251809,4104573,99.78,53.04,Sunday,23
Andhra Pradesh,cluster 3,2023-07-03-00,8710134,4922942,99.78,53.7,Monday,0
Andhra Pradesh,cluster 3,2023-07-03-01,9620309,5430489,99.73,54.19,Monday,1
Andhra Pradesh,cluster 3,2023-07-03-02,9649277,5463440,99.86,54.33,Monday,2
Andhra Pradesh,cluster 3,2023-07-03-03,9257482,5265097,99.76,54.29,Monday,3
Andhra Pradesh,cluster 3,2023-07-03-04,8521219,4840730,99.72,53.7,Monday,4
Andhra Pradesh,cluster 3,2023-07-03-05,7449319,4153145,99.82,52.55,Monday,5
Andhra Pradesh,cluster 3,2023-07-03-06,512686,243217,99.82,41.23,Monday,6
Andhra Pradesh,cluster 3,2023-07-03-07,250232,119243,99.76,39.89,Monday,7
Andhra Pradesh,cluster 3,2023-07-03-08,159881,76052,99.84,39.86,Monday,8
Andhra Pradesh,cluster 3,2023-07-03-09,169920,82149,99.84,39.67,Monday,9
Andhra Pradesh,cluster 3,2023-07-03-10,285985,141518,99.83,41.45,Monday,10
Andhra Pradesh,cluster 3,2023-07-03-11,892156,452078,99.76,43.8,Monday,11
Andhra Pradesh,cluster 3,2023-07-03-12,2749182,1469290,99.78,48.13,Monday,12
Andhra Pradesh,cluster 3,2023-07-03-13,5157025,2876832,99.88,51.35,Monday,13
Andhra Pradesh,cluster 3,2023-07-03-14,7251821,4104641,99.72,53,Monday,14
Andhra Pradesh,cluster 3,2023-07-03-15,8710099,4922882,99.7,53.69,Monday,15
Andhra Pradesh,cluster 3,2023-07-03-16,9620301,5430472,99.72,54.17,Monday,16
Andhra Pradesh,cluster 3,2023-07-03-17,9649345,5463396,99.73,54.34,Monday,17
Andhra Pradesh,cluster 3,2023-07-03-18,9257466,5265050,99.87,54.29,Monday,18
Andhra Pradesh,cluster 3,2023-07-03-19,8521218,4840798,99.76,53.72,Monday,19
Andhra Pradesh,cluster 3,2023-07-03-20,7449328,4153104,99.93,52.96,Monday,20
Andhra Pradesh,cluster 3,2023-07-03-21,512731,243185,99.75,41.27,Monday,21
Andhra Pradesh,cluster 3,2023-07-03-22,250253,119240,99.9,40.01,Monday,22
Andhra Pradesh,cluster 3,2023-07-03-23,159855,76127,99.86,39.31,Monday,23
Andhra Pradesh,cluster 3,2023-07-04-00,169979,82043,99.9,39.9,Tuesday,0
Andhra Pradesh,cluster 3,2023-07-04-01,285959,141508,99.88,41.7,Tuesday,1
Andhra Pradesh,cluster 3,2023-07-04-02,892173,451954,99.79,43.59,Tuesday,2
Andhra Pradesh,cluster 3,2023-07-04-03,2749149,1469358,99.82,48.13,Tuesday,3
Andhra Pradesh,cluster 3,2023-07-04-04,5157037,2876976,99.89,51.33,Tuesday,4
Andhra Pradesh,cluster 3,2023-07-04-05,7251871,4104606,99.77,52.96,Tuesday,5
Andhra Pradesh,cluster 3,2023-07-04-06,8710145,4923037,99.78,53.74,Tuesday,6
Andhra Pradesh,cluster 3,2023-07-04-07,9620373,5430438,99.81,54.15,Tuesday,7
Andhra Pradesh,cluster 3,2023-07-04-08,9649359,5463499,99.98,54.32,Tuesday,8
Andhra Pradesh,cluster 3,2023-07-04-09,9257659,5265166,99.84,54.29,Tuesday,9
Andhra Pradesh,cluster 3,2023-07-04-10,8521220,4840783,99.77,53.72,Tuesday,10
Andhra Pradesh,cluster 3,2023-07-04-11,7449337,4153180,99.73,52.84,Tuesday,11
Andhra Pradesh,cluster 3,2023-07-04-12,512741,243115,99.83,43.9,Tuesday,12
Andhra Pradesh,cluster 3,2023-07-04-13,250150,119191,99.78,45.07,Tuesday,13
Andhra Pradesh,cluster 3,2023-07-04-14,159941,76067,99.7,46.79,Tuesday,14
Andhra Pradesh,cluster 3,2023-07-04-15,169977,82057,99.87,48.95,Tuesday,15
Andhra Pradesh,cluster 3,2023-07-04-16,285963,141569,99.86,49.66,Tuesday,16
Andhra Pradesh,cluster 3,2023-07-04-17,892000,451939,99.78,50.56,Tuesday,17
Andhra Pradesh,cluster 3,2023-07-04-18,2749223,1469299,99.85,52.55,Tuesday,18
Andhra Pradesh,cluster 3,2023-07-04-19,5157107,2876885,99.96,54.95,Tuesday,19
Andhra Pradesh,cluster 3,2023-07-04-20,7251786,4104615,99.73,56.17,Tuesday,20
Andhra Pradesh,cluster 3,2023-07-04-21,8710166,4922881,99.74,56.63,Tuesday,21
Andhra Pradesh,cluster 3,2023-07-04-22,9620341,5430374,99.88,56.74,Tuesday,22
Andhra Pradesh,cluster 3,2023-07-04-23,9649231,5463522,99.84,56.93,Tuesday,23
Andhra Pradesh,cluster 4,2023-06-27-00,515081,244289,99.81,47.43,Tuesday,0
Andhra Pradesh,cluster 4,2023-06-27-01,252977,119678,99.81,47.31,Tuesday,1
Andhra Pradesh,cluster 4,2023-06-27-02,158885,75352,99.81,47.43,Tuesday,2
Andhra Pradesh,cluster 4,2023-06-27-03,169142,81928,99.82,48.44,Tuesday,3
Andhra Pradesh,cluster 4,2023-06-27-04,286950,141698,99.79,49.38,Tuesday,4
Andhra Pradesh,cluster 4,2023-06-27-05,889362,450763,99.79,50.68,Tuesday,5
Andhra Pradesh,cluster 4,2023-06-27-06,2736203,1464277,99.81,53.51,Tuesday,6
Andhra Pradesh,cluster 4,2023-06-27-07,5154413,2874994,99.82,55.78,Tuesday,7
Andhra Pradesh,cluster 4,2023-06-27-08,7247775,4102761,99.82,56.61,Tuesday,8
Andhra Pradesh,cluster 4,2023-06-27-09,8701869,4919529,99.81,56.53,Tuesday,9
Andhra Pradesh,cluster 4,2023-06-27-10,9592881,5417099,99.79,56.47,Tuesday,10
Andhra Pradesh,cluster 4,2023-06-27-11,9637638,5452055,99.78,56.57,Tuesday,11
Andhra Pradesh,cluster 4,2023-06-27-12,9241941,5254554,99.78,56.86,Tuesday,12
Andhra Pradesh,cluster 4,2023-06-27-13,8512458,4835461,99.78,56.8,Tuesday,13
Andhra Pradesh,cluster 4,2023-06-27-14,7437240,4146711,99.78,55.76,Tuesday,14
Andhra Pradesh,cluster 4,2023-06-27-15,515156,244307,99.76,47.42,Tuesday,15
Andhra Pradesh,cluster 4,2023-06-27-16,253046,119767,99.85,47.33,Tuesday,16
Andhra Pradesh,cluster 4,2023-06-27-17,158959,75360,99.77,47.41,Tuesday,17
Andhra Pradesh,cluster 4,2023-06-27-18,169230,81934,99.76,48.42,Tuesday,18
Andhra Pradesh,cluster 4,2023-06-27-19,287008,141784,99.91,49.4,Tuesday,19
Andhra Pradesh,cluster 4,2023-06-27-20,889378,450780,99.79,50.68,Tuesday,20
Andhra Pradesh,cluster 4,2023-06-27-21,2736229,1464331,99.88,53.52,Tuesday,21
Andhra Pradesh,cluster 4,2023-06-27-22,5154436,2875089,99.82,55.78,Tuesday,22
Andhra Pradesh,cluster 4,2023-06-27-23,7247836,4102831,99.87,56.61,Tuesday,23
Andhra Pradesh,cluster 4,2023-06-28-00,8701897,4919581,99.84,56.53,Wednesday,0
Andhra Pradesh,cluster 4,2023-06-28-01,9592969,5417162,99.85,56.47,Wednesday,1
Andhra Pradesh,cluster 4,2023-06-28-02,9637675,5452075,99.88,56.57,Wednesday,2
Andhra Pradesh,cluster 4,2023-06-28-03,9241978,5254608,99.81,56.86,Wednesday,3
Andhra Pradesh,cluster 4,2023-06-28-04,8512521,4835490,99.73,56.8,Wednesday,4
Andhra Pradesh,cluster 4,2023-06-28-05,7437291,4146752,99.74,55.76,Wednesday,5
Andhra Pradesh,cluster 4,2023-06-28-06,515132,244375,99.8,47.44,Wednesday,6
Andhra Pradesh,cluster 4,2023-06-28-07,253061,119750,99.76,47.32,Wednesday,7
Andhra Pradesh,cluster 4,2023-06-28-08,158899,75435,99.78,47.47,Wednesday,8
Andhra Pradesh,cluster 4,2023-06-28-09,169196,81939,99.78,48.43,Wednesday,9
Andhra Pradesh,cluster 4,2023-06-28-10,287020,141733,99.72,49.38,Wednesday,10
Andhra Pradesh,cluster 4,2023-06-28-11,889364,450850,99.8,50.69,Wednesday,11
Andhra Pradesh,cluster 4,2023-06-28-12,2736259,1464370,99.74,53.52,Wednesday,12
Andhra Pradesh,cluster 4,2023-06-28-13,5154490,2875033,99.86,55.78,Wednesday,13
Andhra Pradesh,cluster 4,2023-06-28-14,7247835,4102828,99.8,56.61,Wednesday,14
Andhra Pradesh,cluster 4,2023-06-28-15,8701877,4919549,99.75,56.53,Wednesday,15
Andhra Pradesh,cluster 4,2023-06-28-16,9592898,5417126,99.79,56.47,Wednesday,16
Andhra Pradesh,cluster 4,2023-06-28-17,9637649,5452101,99.77,56.57,Wednesday,17
Andhra Pradesh,cluster 4,2023-06-28-18,9241986,5254558,99.81,56.86,Wednesday,18
Andhra Pradesh,cluster 4,2023-06-28-19,8512528,4835545,99.8,56.81,Wednesday,19
Andhra Pradesh,cluster 4,2023-06-28-20,7437260,4146720,99.98,55.76,Wednesday,20
Andhra Pradesh,cluster 4,2023-06-28-21,515244,244321,99.75,47.42,Wednesday,21
Andhra Pradesh,cluster 4,2023-06-28-22,253051,119861,99.84,47.37,Wednesday,22
Andhra Pradesh,cluster 4,2023-06-28-23,159030,75414,99.89,47.42,Wednesday,23
Andhra Pradesh,cluster 4,2023-06-29-00,169258,81966,99.77,48.43,Thursday,0
Andhra Pradesh,cluster 4,2023-06-29-01,287016,141830,99.97,49.42,Thursday,1
Andhra Pradesh,cluster 4,2023-06-29-02,889381,450828,99.89,50.69,Thursday,2
Andhra Pradesh,cluster 4,2023-06-29-03,2736321,1464339,99.84,53.51,Thursday,3
Andhra Pradesh,cluster 4,2023-06-29-04,5154483,2875183,99.78,55.78,Thursday,4
Andhra Pradesh,cluster 4,2023-06-29-05,7247927,4102884,99.74,56.61,Thursday,5
Andhra Pradesh,cluster 4,2023-06-29-06,8701955,4919640,99.79,56.53,Thursday,6
Andhra Pradesh,cluster 4,2023-06-29-07,9593043,5417214,99.79,56.47,Thursday,7
Andhra Pradesh,cluster 4,2023-06-29-08,9637772,5452110,99.77,56.57,Thursday,8
Andhra Pradesh,cluster 4,2023-06-29-09,9241992,5254632,99.93,56.86,Thursday,9
Andhra Pradesh,cluster 4,2023-06-29-10,8512587,4835517,99.76,56.8,Thursday,10
Andhra Pradesh,cluster 4,2023-06-29-11,7437341,4146832,99.95,55.76,Thursday,11
Andhra Pradesh,cluster 4,2023-06-29-12,515102,244326,99.84,47.43,Thursday,12
Andhra Pradesh,cluster 4,2023-06-29-13,253035,119683,99.88,47.3,Thursday,13
Andhra Pradesh,cluster 4,2023-06-29-14,158968,75450,99.72,47.46,Thursday,14
Andhra Pradesh,cluster 4,2023-06-29-15,169179,81960,99.79,48.45,Thursday,15
Andhra Pradesh,cluster 4,2023-06-29-16,287032,141748,99.72,49.38,Thursday,16
Andhra Pradesh,cluster 4,2023-06-29-17,889411,450784,99.73,50.68,Thursday,17
Andhra Pradesh,cluster 4,2023-06-29-18,2736267,1464344,99.92,53.52,Thursday,18
Andhra Pradesh,cluster 4,2023-06-29-19,5154447,2875069,99.98,55.78,Thursday,19
Andhra Pradesh,cluster 4,2023-06-29-20,7247840,4102843,99.7,56.61,Thursday,20
Andhra Pradesh,cluster 4,2023-06-29-21,8701958,4919546,99.79,56.53,Thursday,21
Andhra Pradesh,cluster 4,2023-06-29-22,9592975,5417147,99.81,56.47,Thursday,22
Andhra Pradesh,cluster 4,2023-06-29-23,9637663,5452143,99.74,56.57,Thursday,23
Andhra Pradesh,cluster 4,2023-06-30-00,9241992,5254607,99.87,56.86,Friday,0
Andhra Pradesh,cluster 4,2023-06-30-01,8512539,4835463,99.76,56.8,Friday,1
Andhra Pradesh,cluster 4,2023-06-30-02,7437278,4146732,99.77,55.76,Friday,2
Andhra Pradesh,cluster 4,2023-06-30-03,515171,244369,99.84,47.43,Friday,3
Andhra Pradesh,cluster 4,2023-06-30-04,253057,119814,99.75,47.35,Friday,4
Andhra Pradesh,cluster 4,2023-06-30-05,159052,75412,99.79,47.41,Friday,5
Andhra Pradesh,cluster 4,2023-06-30-06,169287,81935,99.78,48.4,Friday,6
Andhra Pradesh,cluster 4,2023-06-30-07,287098,141833,99.76,49.4,Friday,7
Andhra Pradesh,cluster 4,2023-06-30-08,889471,450793,99.7,50.68,Friday,8
Andhra Pradesh,cluster 4,2023-06-30-09,2736231,1464395,99.76,53.52,Friday,9
Andhra Pradesh,cluster 4,2023-06-30-10,5154473,2875126,99.78,55.78,Friday,10
Andhra Pradesh,cluster 4,2023-06-30-11,7247913,4102865,99.85,56.61,Friday,11
Andhra Pradesh,cluster 4,2023-06-30-12,8701951,4919640,99.88,56.53,Friday,12
Andhra Pradesh,cluster 4,2023-06-30-13,9593037,5417213,99.81,56.47,Friday,13
Andhra Pradesh,cluster 4,2023-06-30-14,9637716,5452130,99.75,56.57,Friday,14
Andhra Pradesh,cluster 4,2023-06-30-15,9242010,5254628,99.73,56.86,Friday,15
Andhra Pradesh,cluster 4,2023-06-30-16,8512602,4835565,99.95,56.8,Friday,16
Andhra Pradesh,cluster 4,2023-06-30-17,7437332,4146765,99.85,55.76,Friday,17
Andhra Pradesh,cluster 4,2023-06-30-18,515210,244470,99.9,47.45,Friday,18
Andhra Pradesh,cluster 4,2023-06-30-19,253144,119836,99.72,47.34,Friday,19
Andhra Pradesh,cluster 4,2023-06-30-20,158931,75486,99.76,47.5,Friday,20
Andhra Pradesh,cluster 4,2023-06-30-21,169260,82024,99.78,48.46,Friday,21
Andhra Pradesh,cluster 4,2023-06-30-22,287038,141786,99.87,49.4,Friday,22
Andhra Pradesh,cluster 4,2023-06-30-23,889403,450857,99.73,50.69,Friday,23
Andhra Pradesh,cluster 4,2023-07-01-00,2736344,1464402,99.82,53.52,Saturday,0
Andhra Pradesh,cluster 4,2023-07-01-01,5154583,2875124,99.84,55.78,Saturday,1
Andhra Pradesh,cluster 4,2023-07-01-02,7247927,4102828,99.81,56.61,Saturday,2
Andhra Pradesh,cluster 4,2023-07-01-03,8701940,4919628,99.91,56.53,Saturday,3
Andhra Pradesh,cluster 4,2023-07-01-04,9592913,5417143,99.75,56.47,Saturday,4
Andhra Pradesh,cluster 4,2023-07-01-05,9637663,5452102,99.78,56.57,Saturday,5
Andhra Pradesh,cluster 4,2023-07-01-06,9241993,5254563,99.89,56.86,Saturday,6
Andhra Pradesh,cluster 4,2023-07-01-07,8512558,4835619,99.73,56.81,Saturday,7
Andhra Pradesh,cluster 4,2023-07-01-08,7437320,4146796,99.83,55.76,Saturday,8
Andhra Pradesh,cluster 4,2023-07-01-09,515265,244343,99.81,47.42,Saturday,9
Andhra Pradesh,cluster 4,2023-07-01-10,253148,119897,99.93,47.36,Saturday,10
Andhra Pradesh,cluster 4,2023-07-01-11,159053,75477,99.73,47.45,Saturday,11
Andhra Pradesh,cluster 4,2023-07-01-12,169289,81976,99.76,48.42,Saturday,12
Andhra Pradesh,cluster 4,2023-07-01-13,287109,141839,99.73,49.4,Saturday,13
Andhra Pradesh,cluster 4,2023-07-01-14,889403,450925,99.75,50.7,Saturday,14
Andhra Pradesh,cluster 4,2023-07-01-15,2736383,1464411,99.81,53.52,Saturday,15
Andhra Pradesh,cluster 4,2023-07-01-16,5154497,2875221,99.78,55.78,Saturday,16
Andhra Pradesh,cluster 4,2023-07-01-17,7247950,4102948,99.87,56.61,Saturday,17
Andhra Pradesh,cluster 4,2023-07-01-18,8701963,4919693,99.79,56.54,Saturday,18
Andhra Pradesh,cluster 4,2023-07-01-19,9593111,5417279,99.8,56.47,Saturday,19
Andhra Pradesh,cluster 4,2023-07-01-20,9637852,5452155,99.72,56.57,Saturday,20
Andhra Pradesh,cluster 4,2023-07-01-21,9242028,5254723,99.74,56.86,Saturday,21
Andhra Pradesh,cluster 4,2023-07-01-22,8512641,4835581,99.84,56.8,Saturday,22
Andhra Pradesh,cluster 4,2023-07-01-23,7437369,4146888,99.78,55.76,Saturday,23
Andhra Pradesh,cluster 4,2023-07-02-00,515170,244367,99.8,47.43,Sunday,0
Andhra Pradesh,cluster 4,2023-07-02-01,252990,119739,99.94,47.33,Sunday,1
Andhra Pradesh,cluster 4,2023-07-02-02,158952,75450,99.89,47.47,Sunday,2
Andhra Pradesh,cluster 4,2023-07-02-03,169205,82002,99.73,48.46,Sunday,3
Andhra Pradesh,cluster 4,2023-07-02-04,287037,141775,99.79,49.39,Sunday,4
Andhra Pradesh,cluster 4,2023-07-02-05,889375,450815,99.73,50.69,Sunday,5
Andhra Pradesh,cluster 4,2023-07-02-06,2736216,1464347,99.82,53.52,Sunday,6
Andhra Pradesh,cluster 4,2023-07-02-07,5154426,2875071,99.98,55.78,Sunday,7
Andhra Pradesh,cluster 4,2023-07-02-08,7247779,4102770,99.76,56.61,Sunday,8
Andhra Pradesh,cluster 4,2023-07-02-09,8701947,4919596,99.82,56.53,Sunday,9
Andhra Pradesh,cluster 4,2023-07-02-10,9592973,5417181,99.8,56.47,Sunday,10
Andhra Pradesh,cluster 4,2023-07-02-11,9637721,5452110,99.76,56.57,Sunday,11
Andhra Pradesh,cluster 4,2023-07-02-12,9241945,5254627,99.75,56.86,Sunday,12
Andhra Pradesh,cluster 4,2023-07-02-13,8512462,4835500,99.74,56.8,Sunday,13
Andhra Pradesh,cluster 4,2023-07-02-14,7437310,4146733,99.92,55.76,Sunday,14
Andhra Pradesh,cluster 4,2023-07-02-15,515174,244399,99.83,47.44,Sunday,15
Andhra Pradesh,cluster 4,2023-07-02-16,253129,119796,99.88,47.33,Sunday,16
Andhra Pradesh,cluster 4,2023-07-02-17,158990,75408,99.73,47.43,Sunday,17
Andhra Pradesh,cluster 4,2023-07-02-18,169299,81950,99.81,48.41,Sunday,18
Andhra Pradesh,cluster 4,2023-07-02-19,287107,141863,99.78,49.41,Sunday,19
Andhra Pradesh,cluster 4,2023-07-02-20,889450,450830,99.7,50.69,Sunday,20
Andhra Pradesh,cluster 4,2023-07-02-21,2736253,1464377,99.84,53.52,Sunday,21
Andhra Pradesh,cluster 4,2023-07-02-22,5154484,2875133,99.85,55.78,Sunday,22
Andhra Pradesh,cluster 4,2023-07-02-23,7247910,4102871,99.8,56.61,Sunday,23
Andhra Pradesh,cluster 4,2023-07-03-00,8701920,4919674,99.79,56.54,Monday,0
Andhra Pradesh,cluster 4,2023-07-03-01,9593025,5417186,99.7,56.47,Monday,1
Andhra Pradesh,cluster 4,2023-07-03-02,9637742,5452076,99.7,56.57,Monday,2
Andhra Pradesh,cluster 4,2023-07-03-03,9242021,5254623,99.75,56.86,Monday,3
Andhra Pradesh,cluster 4,2023-07-03-04,8512606,4835529,99.86,56.8,Monday,4
Andhra Pradesh,cluster 4,2023-07-03-05,7437357,4146762,99.92,55.76,Monday,5
Andhra Pradesh,cluster 4,2023-07-03-06,515206,244388,99.96,47.44,Monday,6
Andhra Pradesh,cluster 4,2023-07-03-07,253104,119805,99.73,47.33,Monday,7
Andhra Pradesh,cluster 4,2023-07-03-08,158950,75512,99.73,47.51,Monday,8
Andhra Pradesh,cluster 4,2023-07-03-09,169201,81950,99.75,48.43,Monday,9
Andhra Pradesh,cluster 4,2023-07-03-10,287112,141787,99.77,49.38,Monday,10
Andhra Pradesh,cluster 4,2023-07-03-11,889408,450903,99.89,50.7,Monday,11
Andhra Pradesh,cluster 4,2023-07-03-12,2736264,1464429,99.74,53.52,Monday,12
Andhra Pradesh,cluster 4,2023-07-03-13,5154560,2875033,99.87,55.78,Monday,13
Andhra Pradesh,cluster 4,2023-07-03-14,7247879,4102898,99.83,56.61,Monday,14
Andhra Pradesh,cluster 4,2023-07-03-15,8701921,4919647,99.74,56.54,Monday,15
Andhra Pradesh,cluster 4,2023-07-03-16,9592987,5417167,99.77,56.47,Monday,16
Andhra Pradesh,cluster 4,2023-07-03-17,9637668,5452112,99.88,56.57,Monday,17
Andhra Pradesh,cluster 4,2023-07-03-18,9242069,5254594,99.72,56.86,Monday,18
Andhra Pradesh,cluster 4,2023-07-03-19,8512596,4835608,99.77,56.81,Monday,19
Andhra Pradesh,cluster 4,2023-07-03-20,7437261,4146809,99.8,55.76,Monday,20
Andhra Pradesh,cluster 4,2023-07-03-21,515340,244384,99.86,47.42,Monday,21
Andhra Pradesh,cluster 4,2023-07-03-22,253063,119889,99.87,47.38,Monday,22
Andhra Pradesh,cluster 4,2023-07-03-23,159094,75416,99.87,47.4,Monday,23
Andhra Pradesh,cluster 4,2023-07-04-00,169269,82060,99.7,48.48,Tuesday,0
Andhra Pradesh,cluster 4,2023-07-04-01,287045,141909,99.73,49.44,Tuesday,1
Andhra Pradesh,cluster 4,2023-07-04-02,889392,450913,99.73,50.7,Tuesday,2
Andhra Pradesh,cluster 4,2023-07-04-03,2736399,1464374,99.78,53.51,Tuesday,3
Andhra Pradesh,cluster 4,2023-07-04-04,5154491,2875192,99.84,55.78,Tuesday,4
Andhra Pradesh,cluster 4,2023-07-04-05,7247952,4102891,99.86,56.61,Tuesday,5
Andhra Pradesh,cluster 4,2023-07-04-06,8701991,4919679,99.72,56.54,Tuesday,6
Andhra Pradesh,cluster 4,2023-07-04-07,9593109,5417301,99.9,56.47,Tuesday,7
Andhra Pradesh,cluster 4,2023-07-04-08,9637833,5452141,99.84,56.57,Tuesday,8
Andhra Pradesh,cluster 4,2023-07-04-09,9242044,5254655,99.74,56.86,Tuesday,9
Andhra Pradesh,cluster 4,2023-07-04-10,8512614,4835557,99.86,56.8,Tuesday,10
Andhra Pradesh,cluster 4,2023-07-04-11,7437367,4146891,99.78,55.76,Tuesday,11
Andhra Pradesh,cluster 4,2023-07-04-12,515155,244355,99.72,47.43,Tuesday,12
Andhra Pradesh,cluster 4,2023-07-04-13,253096,119700,99.79,47.29,Tuesday,13
Andhra Pradesh,cluster 4,2023-07-04-14,159027,75486,99.79,47.47,Tuesday,14
Andhra Pradesh,cluster 4,2023-07-04-15,169192,82030,99.79,48.48,Tuesday,15
Andhra Pradesh,cluster 4,2023-07-04-16,287085,141828,99.73,49.4,Tuesday,16
Andhra Pradesh,cluster 4,2023-07-04-17,889413,450819,99.9,50.69,Tuesday,17
Andhra Pradesh,cluster 4,2023-07-04-18,2736347,1464365,99.79,53.52,Tuesday,18
Andhra Pradesh,cluster 4,2023-07-04-19,5154452,2875132,99.95,55.78,Tuesday,19
Andhra Pradesh,cluster 4,2023-07-04-20,7247843,4102941,99.84,56.61,Tuesday,20
Andhra Pradesh,cluster 4,2023-07-04-21,8702056,4919605,99.93,56.53,Tuesday,21
Andhra Pradesh,cluster 4,2023-07-04-22,9593068,5417159,99.73,56.47,Tuesday,22
Andhra Pradesh,cluster 4,2023-07-04-23,9637741,5452153,99.78,56.57,Tuesday,23
Andhra Pradesh,cluster 5,2023-06-27-00,249786,120032,99.81,48.05,Tuesday,0
Andhra Pradesh,cluster 5,2023-06-27-01,160097,76450,99.81,47.75,Tuesday,1
Andhra Pradesh,cluster 5,2023-06-27-02,171950,83474,99.8,48.55,Tuesday,2
Andhra Pradesh,cluster 5,2023-06-27-03,285196,141708,99.83,49.69,Tuesday,3
Andhra Pradesh,cluster 5,2023-06-27-04,890982,451510,99.83,50.68,Tuesday,4
Andhra Pradesh,cluster 5,2023-06-27-05,2744845,1467766,99.81,53.47,Tuesday,5
Andhra Pradesh,cluster 5,2023-06-27-06,5164306,2881778,99.82,55.8,Tuesday,6
Andhra Pradesh,cluster 5,2023-06-27-07,7258599,4104811,99.82,56.55,Tuesday,7
Andhra Pradesh,cluster 5,2023-06-27-08,8700474,4912126,99.8,56.46,Tuesday,8
Andhra Pradesh,cluster 5,2023-06-27-09,9616436,5428804,99.78,56.45,Tuesday,9
Andhra Pradesh,cluster 5,2023-06-27-10,9651676,5464862,99.78,56.62,Tuesday,10
Andhra Pradesh,cluster 5,2023-06-27-11,9249316,5265318,99.78,56.93,Tuesday,11
Andhra Pradesh,cluster 5,2023-06-27-12,8513993,4834191,99.78,56.78,Tuesday,12
Andhra Pradesh,cluster 5,2023-06-27-13,7434837,4144472,99.78,55.74,Tuesday,13
Andhra Pradesh,cluster 5,2023-06-27-14,514677,245901,99.92,47.78,Tuesday,14
Andhra Pradesh,cluster 5,2023-06-27-15,249822,120112,99.91,48.08,Tuesday,15
Andhra Pradesh,cluster 5,2023-06-27-16,160183,76526,99.96,47.77,Tuesday,16
Andhra Pradesh,cluster 5,2023-06-27-17,172044,83563,99.79,48.57,Tuesday,17
Andhra Pradesh,cluster 5,2023-06-27-18,285226,141772,99.8,49.71,Tuesday,18
Andhra Pradesh,cluster 5,2023-06-27-19,891057,451512,99.78,50.67,Tuesday,19
Andhra Pradesh,cluster 5,2023-06-27-20,2744939,1467778,99.82,53.47,Tuesday,20
Andhra Pradesh,cluster 5,2023-06-27-21,5164358,2881800,99.79,55.8,Tuesday,21
Andhra Pradesh,cluster 5,2023-06-27-22,7258625,4104853,99.92,56.55,Tuesday,22
Andhra Pradesh,cluster 5,2023-06-27-23,8700538,4912185,99.86,56.46,Tuesday,23
Andhra Pradesh,cluster 5,2023-06-28-00,9616483,5428870,99.73,56.45,Wednesday,0
Andhra Pradesh,cluster 5,2023-06-28-01,9651682,5464954,99.88,56.62,Wednesday,1
Andhra Pradesh,cluster 5,2023-06-28-02,9249352,5265405,99.84,56.93,Wednesday,2
Andhra Pradesh,cluster 5,2023-06-28-03,8514081,4834279,99.7,56.78,Wednesday,3
Andhra Pradesh,cluster 5,2023-06-28-04,7434936,4144565,99.84,55.74,Wednesday,4
Andhra Pradesh,cluster 5,2023-06-28-05,514673,245836,99.94,47.77,Wednesday,5
Andhra Pradesh,cluster 5,2023-06-28-06,249849,120087,99.97,48.06,Wednesday,6
Andhra Pradesh,cluster 5,2023-06-28-07,160108,76471,99.76,47.76,Wednesday,7
Andhra Pradesh,cluster 5,2023-06-28-08,172010,83483,99.91,48.53,Wednesday,8
Andhra Pradesh,cluster 5,2023-06-28-09,285235,141717,99.75,49.68,Wednesday,9
Andhra Pradesh,cluster 5,2023-06-28-10,890998,451591,99.74,50.68,Wednesday,10
Andhra Pradesh,cluster 5,2023-06-28-11,2744888,1467810,99.82,53.47,Wednesday,11
Andhra Pradesh,cluster 5,2023-06-28-12,5164333,2881786,99.95,55.8,Wednesday,12
Andhra Pradesh,cluster 5,2023-06-28-13,7258630,4104841,99.86,56.55,Wednesday,13
Andhra Pradesh,cluster 5,2023-06-28-14,8700548,4912213,99.89,56.46,Wednesday,14
Andhra Pradesh,cluster 5,2023-06-28-15,9616466,5428827,99.82,56.45,Wednesday,15
Andhra Pradesh,cluster 5,2023-06-28-16,9651764,5464898,99.73,56.62,Wednesday,16
Andhra Pradesh,cluster 5,2023-06-28-17,9249357,5265346,99.74,56.93,Wednesday,17
Andhra Pradesh,cluster 5,2023-06-28-18,8514084,4834264,99.93,56.78,Wednesday,18
Andhra Pradesh,cluster 5,2023-06-28-19,7434935,4144544,99.84,55.74,Wednesday,19
Andhra Pradesh,cluster 5,2023-06-28-20,514740,245930,99.86,47.78,Wednesday,20
Andhra Pradesh,cluster 5,2023-06-28-21,249870,120161,99.81,48.09,Wednesday,21
Andhra Pradesh,cluster 5,2023-06-28-22,160244,76577,99.92,47.79,Wednesday,22
Andhra Pradesh,cluster 5,2023-06-28-23,172142,83571,99.79,48.55,Wednesday,23
Andhra Pradesh,cluster 5,2023-06-29-00,285289,141787,99.89,49.7,Thursday,0
Andhra Pradesh,cluster 5,2023-06-29-01,891087,451606,99.73,50.68,Thursday,1
Andhra Pradesh,cluster 5,2023-06-29-02,2744951,1467842,99.89,53.47,Thursday,2
Andhra Pradesh,cluster 5,2023-06-29-03,5164450,2881876,99.84,55.8,Thursday,3
Andhra Pradesh,cluster 5,2023-06-29-04,7258691,4104880,99.99,56.55,Thursday,4
Andhra Pradesh,cluster 5,2023-06-29-05,8700573,4912261,99.79,56.46,Thursday,5
Andhra Pradesh,cluster 5,2023-06-29-06,9616551,5428964,99.8,56.45,Thursday,6
Andhra Pradesh,cluster 5,2023-06-29-07,9651684,5465006,99.74,56.62,Thursday,7
Andhra Pradesh,cluster 5,2023-06-29-08,9249390,5265480,99.78,56.93,Thursday,8
Andhra Pradesh,cluster 5,2023-06-29-09,8514102,4834322,99.7,56.78,Thursday,9
Andhra Pradesh,cluster 5,2023-06-29-10,7434959,4144640,99.74,55.75,Thursday,10
Andhra Pradesh,cluster 5,2023-06-29-11,514660,245865,99.78,47.77,Thursday,11
Andhra Pradesh,cluster 5,2023-06-29-12,249866,120077,99.77,48.06,Thursday,12
Andhra Pradesh,cluster 5,2023-06-29-13,160164,76489,99.76,47.76,Thursday,13
Andhra Pradesh,cluster 5,2023-06-29-14,171974,83484,99.73,48.54,Thursday,14
Andhra Pradesh,cluster 5,2023-06-29-15,285252,141737,99.83,49.69,Thursday,15
Andhra Pradesh,cluster 5,2023-06-29-16,891058,451573,99.82,50.68,Thursday,16
Andhra Pradesh,cluster 5,2023-06-29-17,2744893,1467803,99.81,53.47,Thursday,17
Andhra Pradesh,cluster 5,2023-06-29-18,5164310,2881876,99.78,55.8,Thursday,18
Andhra Pradesh,cluster 5,2023-06-29-19,7258658,4104880,99.83,56.55,Thursday,19
Andhra Pradesh,cluster 5,2023-06-29-20,8700521,4912218,99.89,56.46,Thursday,20
Andhra Pradesh,cluster 5,2023-06-29-21,9616481,5428835,99.85,56.45,Thursday,21
Andhra Pradesh,cluster 5,2023-06-29-22,9651750,5464939,99.77,56.62,Thursday,22
Andhra Pradesh,cluster 5,2023-06-29-23,9249364,5265390,99.76,56.93,Thursday,23
Andhra Pradesh,cluster 5,2023-06-30-00,8514002,4834283,99.76,56.78,Friday,0
Andhra Pradesh,cluster 5,2023-06-30-01,7434867,4144533,99.76,55.74,Friday,1
Andhra Pradesh,cluster 5,2023-06-30-02,514707,245966,99.9,47.79,Friday,2
Andhra Pradesh,cluster 5,2023-06-30-03,249911,120136,99.95,48.07,Friday,3
Andhra Pradesh,cluster 5,2023-06-30-04,160254,76568,99.87,47.78,Friday,4
Andhra Pradesh,cluster 5,2023-06-30-05,172118,83584,99.74,48.56,Friday,5
Andhra Pradesh,cluster 5,2023-06-30-06,285234,141834,99.85,49.73,Friday,6
Andhra Pradesh,cluster 5,2023-06-30-07,891136,451535,99.91,50.67,Friday,7
Andhra Pradesh,cluster 5,2023-06-30-08,2744966,1467841,99.95,53.47,Friday,8
Andhra Pradesh,cluster 5,2023-06-30-09,5164373,2881845,99.74,55.8,Friday,9
Andhra Pradesh,cluster 5,2023-06-30-10,7258704,4104864,99.87,56.55,Friday,10
Andhra Pradesh,cluster 5,2023-06-30-11,8700559,4912212,99.94,56.46,Friday,11
Andhra Pradesh,cluster 5,2023-06-30-12,9616534,5428915,99.91,56.45,Friday,12
Andhra Pradesh,cluster 5,2023-06-30-13,9651706,5465041,99.8,56.62,Friday,13
Andhra Pradesh,cluster 5,2023-06-30-14,9249437,5265417,99.76,56.93,Friday,14
Andhra Pradesh,cluster 5,2023-06-30-15,8514105,4834300,99.72,56.78,Friday,15
Andhra Pradesh,cluster 5,2023-06-30-16,7435002,4144566,99.79,55.74,Friday,16
Andhra Pradesh,cluster 5,2023-06-30-17,514673,245927,99.89,47.78,Friday,17
Andhra Pradesh,cluster 5,2023-06-30-18,249905,120152,99.78,48.08,Friday,18
Andhra Pradesh,cluster 5,2023-06-30-19,160195,76510,99.73,47.76,Friday,19
Andhra Pradesh,cluster 5,2023-06-30-20,172042,83505,99.92,48.54,Friday,20
Andhra Pradesh,cluster 5,2023-06-30-21,285299,141734,99.86,49.68,Friday,21
Andhra Pradesh,cluster 5,2023-06-30-22,891006,451684,99.86,50.69,Friday,22
Andhra Pradesh,cluster 5,2023-06-30-23,2744986,1467836,99.85,53.47,Friday,23
Andhra Pradesh,cluster 5,2023-07-01-00,5164376,2881813,99.89,55.8,Saturday,0
Andhra Pradesh,cluster 5,2023-07-01-01,7258688,4104903,99.9,56.55,Saturday,1
Andhra Pradesh,cluster 5,2023-07-01-02,8700554,4912222,99.92,56.46,Saturday,2
Andhra Pradesh,cluster 5,2023-07-01-03,9616544,5428887,99.88,56.45,Saturday,3
Andhra Pradesh,cluster 5,2023-07-01-04,9651764,5464969,99.8,56.62,Saturday,4
Andhra Pradesh,cluster 5,2023-07-01-05,9249429,5265354,99.77,56.93,Saturday,5
Andhra Pradesh,cluster 5,2023-07-01-06,8514117,4834359,99.89,56.78,Saturday,6
Andhra Pradesh,cluster 5,2023-07-01-07,7435003,4144576,99.84,55.74,Saturday,7
Andhra Pradesh,cluster 5,2023-07-01-08,514790,246012,99.86,47.79,Saturday,8
Andhra Pradesh,cluster 5,2023-07-01-09,249929,120258,99.89,48.12,Saturday,9
Andhra Pradesh,cluster 5,2023-07-01-10,160343,76659,99.7,47.81,Saturday,10
Andhra Pradesh,cluster 5,2023-07-01-11,172222,83656,99.7,48.57,Saturday,11
Andhra Pradesh,cluster 5,2023-07-01-12,285316,141803,99.84,49.7,Saturday,12
Andhra Pradesh,cluster 5,2023-07-01-13,891179,451671,99.76,50.68,Saturday,13
Andhra Pradesh,cluster 5,2023-07-01-14,2744959,1467865,99.8,53.47,Saturday,14
Andhra Pradesh,cluster 5,2023-07-01-15,5164457,2881954,99.81,55.8,Saturday,15
Andhra Pradesh,cluster 5,2023-07-01-16,7258697,4104899,99.98,56.55,Saturday,16
Andhra Pradesh,cluster 5,2023-07-01-17,8700630,4912330,99.8,56.46,Saturday,17
Andhra Pradesh,cluster 5,2023-07-01-18,9616615,5428986,99.85,56.45,Saturday,18
Andhra Pradesh,cluster 5,2023-07-01-19,9651722,5465042,99.78,56.62,Saturday,19
Andhra Pradesh,cluster 5,2023-07-01-20,9249395,5265532,99.84,56.93,Saturday,20
Andhra Pradesh,cluster 5,2023-07-01-21,8514157,4834358,99.74,56.78,Saturday,21
Andhra Pradesh,cluster 5,2023-07-01-22,7434998,4144717,99.7,55.75,Saturday,22
Andhra Pradesh,cluster 5,2023-07-01-23,514661,245918,99.76,47.78,Saturday,23
Andhra Pradesh,cluster 5,2023-07-02-00,249798,120101,99.7,48.08,Sunday,0
Andhra Pradesh,cluster 5,2023-07-02-01,160153,76517,99.86,47.78,Sunday,1
Andhra Pradesh,cluster 5,2023-07-02-02,171958,83511,99.72,48.56,Sunday,2
Andhra Pradesh,cluster 5,2023-07-02-03,285236,141804,99.76,49.71,Sunday,3
Andhra Pradesh,cluster 5,2023-07-02-04,891048,451563,99.75,50.68,Sunday,4
Andhra Pradesh,cluster 5,2023-07-02-05,2744848,1467767,99.84,53.47,Sunday,5
Andhra Pradesh,cluster 5,2023-07-02-06,5164397,2881862,99.78,55.8,Sunday,6
Andhra Pradesh,cluster 5,2023-07-02-07,7258606,4104842,99.91,56.55,Sunday,7
Andhra Pradesh,cluster 5,2023-07-02-08,8700491,4912218,99.84,56.46,Sunday,8
Andhra Pradesh,cluster 5,2023-07-02-09,9616462,5428898,99.76,56.45,Sunday,9
Andhra Pradesh,cluster 5,2023-07-02-10,9651762,5464897,99.8,56.62,Sunday,10
Andhra Pradesh,cluster 5,2023-07-02-11,9249382,5265377,99.74,56.93,Sunday,11
Andhra Pradesh,cluster 5,2023-07-02-12,8514005,4834237,99.84,56.78,Sunday,12
Andhra Pradesh,cluster 5,2023-07-02-13,7434916,4144508,99.77,55.74,Sunday,13
Andhra Pradesh,cluster 5,2023-07-02-14,514718,245987,99.87,47.79,Sunday,14
Andhra Pradesh,cluster 5,2023-07-02-15,249844,120149,99.85,48.09,Sunday,15
Andhra Pradesh,cluster 5,2023-07-02-16,160282,76556,99.94,47.76,Sunday,16
Andhra Pradesh,cluster 5,2023-07-02-17,172046,83606,99.89,48.6,Sunday,17
Andhra Pradesh,cluster 5,2023-07-02-18,285264,141794,99.77,49.71,Sunday,18
Andhra Pradesh,cluster 5,2023-07-02-19,891145,451518,99.7,50.67,Sunday,19
Andhra Pradesh,cluster 5,2023-07-02-20,2744997,1467781,99.81,53.47,Sunday,20
Andhra Pradesh,cluster 5,2023-07-02-21,5164382,2881860,99.72,55.8,Sunday,21
Andhra Pradesh,cluster 5,2023-07-02-22,7258695,4104937,99.96,56.55,Sunday,22
Andhra Pradesh,cluster 5,2023-07-02-23,8700588,4912233,99.94,56.46,Sunday,23
Andhra Pradesh,cluster 5,2023-07-03-00,9616542,5428914,99.81,56.45,Monday,0
Andhra Pradesh,cluster 5,2023-07-03-01,9651717,5464981,99.84,56.62,Monday,1
Andhra Pradesh,cluster 5,2023-07-03-02,9249365,5265477,99.76,56.93,Monday,2
Andhra Pradesh,cluster 5,2023-07-03-03,8514128,4834370,99.74,56.78,Monday,3
Andhra Pradesh,cluster 5,2023-07-03-04,7434994,4144611,99.73,55.74,Monday,4
Andhra Pradesh,cluster 5,2023-07-03-05,514734,245926,99.91,47.78,Monday,5
Andhra Pradesh,cluster 5,2023-07-03-06,249912,120093,99.84,48.05,Monday,6
Andhra Pradesh,cluster 5,2023-07-03-07,160175,76543,99.73,47.79,Monday,7
Andhra Pradesh,cluster 5,2023-07-03-08,172091,83559,99.88,48.56,Monday,8
Andhra Pradesh,cluster 5,2023-07-03-09,285317,141729,99.75,49.67,Monday,9
Andhra Pradesh,cluster 5,2023-07-03-10,891009,451651,99.7,50.69,Monday,10
Andhra Pradesh,cluster 5,2023-07-03-11,2744982,1467854,99.86,53.47,Monday,11
Andhra Pradesh,cluster 5,2023-07-03-12,5164417,2881825,99.79,55.8,Monday,12
Andhra Pradesh,cluster 5,2023-07-03-13,7258724,4104903,99.77,56.55,Monday,13
Andhra Pradesh,cluster 5,2023-07-03-14,8700575,4912215,99.98,56.46,Monday,14
Andhra Pradesh,cluster 5,2023-07-03-15,9616482,5428902,99.83,56.45,Monday,15
Andhra Pradesh,cluster 5,2023-07-03-16,9651827,5464979,99.72,56.62,Monday,16
Andhra Pradesh,cluster 5,2023-07-03-17,9249371,5265346,99.79,56.93,Monday,17
Andhra Pradesh,cluster 5,2023-07-03-18,8514122,4834276,99.9,56.78,Monday,18
Andhra Pradesh,cluster 5,2023-07-03-19,7434967,4144620,99.75,55.74,Monday,19
Andhra Pradesh,cluster 5,2023-07-03-20,514779,245964,99.9,47.78,Monday,20
Andhra Pradesh,cluster 5,2023-07-03-21,249939,120246,99.7,48.11,Monday,21
Andhra Pradesh,cluster 5,2023-07-03-22,160302,76584,99.92,47.77,Monday,22
Andhra Pradesh,cluster 5,2023-07-03-23,172221,83573,99.75,48.53,Monday,23
Andhra Pradesh,cluster 5,2023-07-04-00,285307,141794,99.77,49.7,Tuesday,0
Andhra Pradesh,cluster 5,2023-07-04-01,891164,451609,99.76,50.68,Tuesday,1
Andhra Pradesh,cluster 5,2023-07-04-02,2744954,1467856,99.96,53.47,Tuesday,2
Andhra Pradesh,cluster 5,2023-07-04-03,5164531,2881909,99.9,55.8,Tuesday,3
Andhra Pradesh,cluster 5,2023-07-04-04,7258777,4104966,99.86,56.55,Tuesday,4
Andhra Pradesh,cluster 5,2023-07-04-05,8700643,4912301,99.83,56.46,Tuesday,5
Andhra Pradesh,cluster 5,2023-07-04-06,9616556,5429041,99.75,56.46,Tuesday,6
Andhra Pradesh,cluster 5,2023-07-04-07,9651744,5465006,99.76,56.62,Tuesday,7
Andhra Pradesh,cluster 5,2023-07-04-08,9249488,5265545,99.78,56.93,Tuesday,8
Andhra Pradesh,cluster 5,2023-07-04-09,8514103,4834413,99.73,56.78,Tuesday,9
Andhra Pradesh,cluster 5,2023-07-04-10,7435003,4144712,99.73,55.75,Tuesday,10
Andhra Pradesh,cluster 5,2023-07-04-11,514689,245924,99.73,47.78,Tuesday,11
Andhra Pradesh,cluster 5,2023-07-04-12,249867,120159,99.76,48.09,Tuesday,12
Andhra Pradesh,cluster 5,2023-07-04-13,160228,76558,99.75,47.78,Tuesday,13
Andhra Pradesh,cluster 5,2023-07-04-14,172065,83574,99.77,48.57,Tuesday,14
Andhra Pradesh,cluster 5,2023-07-04-15,285271,141777,99.92,49.7,Tuesday,15
Andhra Pradesh,cluster 5,2023-07-04-16,891068,451630,99.91,50.68,Tuesday,16
Andhra Pradesh,cluster 5,2023-07-04-17,2744927,1467852,99.8,53.48,Tuesday,17
Andhra Pradesh,cluster 5,2023-07-04-18,5164378,2881936,99.82,55.8,Tuesday,18
Andhra Pradesh,cluster 5,2023-07-04-19,7258714,4104895,99.79,56.55,Tuesday,19
Andhra Pradesh,cluster 5,2023-07-04-20,8700604,4912231,99.86,56.46,Tuesday,20
Andhra Pradesh,cluster 5,2023-07-04-21,9616503,5428856,99.9,56.45,Tuesday,21
Andhra Pradesh,cluster 5,2023-07-04-22,9651781,5464970,99.83,56.62,Tuesday,22
Andhra Pradesh,cluster 6,2023-07-04-23,514045,245368,99.81,47.73,Tuesday,23
Andhra Pradesh,cluster 6,2023-06-27-00,252570,119627,99.8,47.36,Tuesday,0
Andhra Pradesh,cluster 6,2023-06-27-01,164079,76818,99.79,46.82,Tuesday,1
Andhra Pradesh,cluster 6,2023-06-27-02,172982,81942,99.84,47.37,Tuesday,2
Andhra Pradesh,cluster 6,2023-06-27-03,285732,140988,99.83,49.34,Tuesday,3
Andhra Pradesh,cluster 6,2023-06-27-04,890062,449945,99.82,50.55,Tuesday,4
Andhra Pradesh,cluster 6,2023-06-27-05,2734406,1465825,99.82,53.61,Tuesday,5
Andhra Pradesh,cluster 6,2023-06-27-06,5150504,2873882,99.82,55.8,Tuesday,6
Andhra Pradesh,cluster 6,2023-06-27-07,7244039,4100024,99.83,56.6,Tuesday,7
Andhra Pradesh,cluster 6,2023-06-27-08,8684166,4911600,99.8,56.56,Tuesday,8
Andhra Pradesh,cluster 6,2023-06-27-09,9612048,5425494,99.78,56.44,Tuesday,9
Andhra Pradesh,cluster 6,2023-06-27-10,9647708,5459219,99.78,56.59,Tuesday,10
Andhra Pradesh,cluster 6,2023-06-27-11,9237204,5256791,99.79,56.91,Tuesday,11
Andhra Pradesh,cluster 6,2023-06-27-12,8508002,4833965,99.78,56.82,Tuesday,12
Andhra Pradesh,cluster 6,2023-06-27-13,7424235,4141711,99.78,55.79,Tuesday,13
Andhra Pradesh,cluster 6,2023-06-27-14,514109,245407,99.75,47.73,Tuesday,14
Andhra Pradesh,cluster 6,2023-06-27-15,252646,119679,99.74,47.37,Tuesday,15
Andhra Pradesh,cluster 6,2023-06-27-16,164121,76872,99.73,46.84,Tuesday,16
Andhra Pradesh,cluster 6,2023-06-27-17,173059,81960,99.98,47.36,Tuesday,17
Andhra Pradesh,cluster 6,2023-06-27-18,285805,141010,99.8,49.34,Tuesday,18
Andhra Pradesh,cluster 6,2023-06-27-19,890107,449986,99.81,50.55,Tuesday,19
Andhra Pradesh,cluster 6,2023-06-27-20,2734503,1465877,99.73,53.61,Tuesday,20
Andhra Pradesh,cluster 6,2023-06-27-21,5150541,2873934,99.73,55.8,Tuesday,21
Andhra Pradesh,cluster 6,2023-06-27-22,7244067,4100112,99.77,56.6,Tuesday,22
Andhra Pradesh,cluster 6,2023-06-27-23,8684191,4911626,99.91,56.56,Tuesday,23
Andhra Pradesh,cluster 6,2023-06-28-00,9612092,5425500,99.82,56.44,Wednesday,0
Andhra Pradesh,cluster 6,2023-06-28-01,9647708,5459245,99.86,56.59,Wednesday,1
Andhra Pradesh,cluster 6,2023-06-28-02,9237213,5256866,99.77,56.91,Wednesday,2
Andhra Pradesh,cluster 6,2023-06-28-03,8508087,4834046,99.83,56.82,Wednesday,3
Andhra Pradesh,cluster 6,2023-06-28-04,7424282,4141770,99.85,55.79,Wednesday,4
Andhra Pradesh,cluster 6,2023-06-28-05,514046,245450,99.87,47.75,Wednesday,5
Andhra Pradesh,cluster 6,2023-06-28-06,252577,119652,99.85,47.37,Wednesday,6
Andhra Pradesh,cluster 6,2023-06-28-07,164133,76836,99.85,46.81,Wednesday,7
Andhra Pradesh,cluster 6,2023-06-28-08,173032,82035,99.96,47.41,Wednesday,8
Andhra Pradesh,cluster 6,2023-06-28-09,285754,141054,99.87,49.36,Wednesday,9
Andhra Pradesh,cluster 6,2023-06-28-10,890128,450006,99.83,50.56,Wednesday,10
Andhra Pradesh,cluster 6,2023-06-28-11,2734463,1465905,99.76,53.61,Wednesday,11
Andhra Pradesh,cluster 6,2023-06-28-12,5150573,2873969,99.84,55.8,Wednesday,12
Andhra Pradesh,cluster 6,2023-06-28-13,7244078,4100071,99.89,56.6,Wednesday,13
Andhra Pradesh,cluster 6,2023-06-28-14,8684170,4911604,99.72,56.56,Wednesday,14
Andhra Pradesh,cluster 6,2023-06-28-15,9612115,5425534,99.75,56.44,Wednesday,15
Andhra Pradesh,cluster 6,2023-06-28-16,9647725,5459288,99.84,56.59,Wednesday,16
Andhra Pradesh,cluster 6,2023-06-28-17,9237226,5256848,99.83,56.91,Wednesday,17
Andhra Pradesh,cluster 6,2023-06-28-18,8508023,4834001,99.81,56.82,Wednesday,18
Andhra Pradesh,cluster 6,2023-06-28-19,7424298,4141726,99.78,55.79,Wednesday,19
Andhra Pradesh,cluster 6,2023-06-28-20,514127,245442,99.78,47.74,Wednesday,20
Andhra Pradesh,cluster 6,2023-06-28-21,252742,119733,99.74,47.37,Wednesday,21
Andhra Pradesh,cluster 6,2023-06-28-22,164143,76914,99.72,46.86,Wednesday,22
Andhra Pradesh,cluster 6,2023-06-28-23,173059,82005,99.92,47.39,Wednesday,23
Andhra Pradesh,cluster 6,2023-06-29-00,285827,141034,99.88,49.34,Thursday,0
Andhra Pradesh,cluster 6,2023-06-29-01,890175,450040,99.74,50.56,Thursday,1
Andhra Pradesh,cluster 6,2023-06-29-02,2734536,1465965,99.72,53.61,Thursday,2
Andhra Pradesh,cluster 6,2023-06-29-03,5150579,2874032,99.74,55.8,Thursday,3
Andhra Pradesh,cluster 6,2023-06-29-04,7244086,4100145,99.77,56.6,Thursday,4
Andhra Pradesh,cluster 6,2023-06-29-05,8684225,4911671,99.92,56.56,Thursday,5
Andhra Pradesh,cluster 6,2023-06-29-06,9612115,5425527,99.9,56.44,Thursday,6
Andhra Pradesh,cluster 6,2023-06-29-07,9647724,5459248,99.91,56.59,Thursday,7
Andhra Pradesh,cluster 6,2023-06-29-08,9237232,5256898,99.78,56.91,Thursday,8
Andhra Pradesh,cluster 6,2023-06-29-09,8508111,4834073,99.76,56.82,Thursday,9
Andhra Pradesh,cluster 6,2023-06-29-10,7424294,4141786,99.93,55.79,Thursday,10
Andhra Pradesh,cluster 6,2023-06-29-11,514083,245416,99.76,47.74,Thursday,11
Andhra Pradesh,cluster 6,2023-06-29-12,252621,119714,99.76,47.39,Thursday,12
Andhra Pradesh,cluster 6,2023-06-29-13,164170,76850,99.73,46.81,Thursday,13
Andhra Pradesh,cluster 6,2023-06-29-14,173018,81989,99.98,47.39,Thursday,14
Andhra Pradesh,cluster 6,2023-06-29-15,285808,141021,99.75,49.34,Thursday,15
Andhra Pradesh,cluster 6,2023-06-29-16,890064,450022,99.78,50.56,Thursday,16
Andhra Pradesh,cluster 6,2023-06-29-17,2734488,1465891,99.94,53.61,Thursday,17
Andhra Pradesh,cluster 6,2023-06-29-18,5150513,2873978,99.93,55.8,Thursday,18
Andhra Pradesh,cluster 6,2023-06-29-19,7244068,4100089,99.79,56.6,Thursday,19
Andhra Pradesh,cluster 6,2023-06-29-20,8684224,4911609,99.8,56.56,Thursday,20
Andhra Pradesh,cluster 6,2023-06-29-21,9612120,5425571,99.76,56.45,Thursday,21
Andhra Pradesh,cluster 6,2023-06-29-22,9647763,5459294,99.73,56.59,Thursday,22
Andhra Pradesh,cluster 6,2023-06-29-23,9237250,5256797,99.77,56.91,Thursday,23
Andhra Pradesh,cluster 6,2023-06-30-00,8508007,4834001,99.75,56.82,Friday,0
Andhra Pradesh,cluster 6,2023-06-30-01,7424292,4141778,99.96,55.79,Friday,1
Andhra Pradesh,cluster 6,2023-06-30-02,514159,245483,99.83,47.74,Friday,2
Andhra Pradesh,cluster 6,2023-06-30-03,252682,119717,99.74,47.38,Friday,3
Andhra Pradesh,cluster 6,2023-06-30-04,164133,76913,99.76,46.86,Friday,4
Andhra Pradesh,cluster 6,2023-06-30-05,173130,81995,99.97,47.36,Friday,5
Andhra Pradesh,cluster 6,2023-06-30-06,285865,141073,99.72,49.35,Friday,6
Andhra Pradesh,cluster 6,2023-06-30-07,890126,450077,99.96,50.56,Friday,7
Andhra Pradesh,cluster 6,2023-06-30-08,2734546,1465960,99.73,53.61,Friday,8
Andhra Pradesh,cluster 6,2023-06-30-09,5150605,2873942,99.85,55.8,Friday,9
Andhra Pradesh,cluster 6,2023-06-30-10,7244115,4100157,99.74,56.6,Friday,10
Andhra Pradesh,cluster 6,2023-06-30-11,8684222,4911686,99.82,56.56,Friday,11
Andhra Pradesh,cluster 6,2023-06-30-12,9612123,5425553,99.76,56.44,Friday,12
Andhra Pradesh,cluster 6,2023-06-30-13,9647753,5459291,99.93,56.59,Friday,13
Andhra Pradesh,cluster 6,2023-06-30-14,9237283,5256870,99.83,56.91,Friday,14
Andhra Pradesh,cluster 6,2023-06-30-15,8508088,4834066,99.73,56.82,Friday,15
Andhra Pradesh,cluster 6,2023-06-30-16,7424343,4141781,99.82,55.79,Friday,16
Andhra Pradesh,cluster 6,2023-06-30-17,514128,245451,99.94,47.74,Friday,17
Andhra Pradesh,cluster 6,2023-06-30-18,252662,119656,99.86,47.36,Friday,18
Andhra Pradesh,cluster 6,2023-06-30-19,164165,76836,99.8,46.8,Friday,19
Andhra Pradesh,cluster 6,2023-06-30-20,173119,82048,99.78,47.39,Friday,20
Andhra Pradesh,cluster 6,2023-06-30-21,285815,141130,99.8,49.38,Friday,21
Andhra Pradesh,cluster 6,2023-06-30-22,890214,450039,99.8,50.55,Friday,22
Andhra Pradesh,cluster 6,2023-06-30-23,2734556,1465973,99.84,53.61,Friday,23
Andhra Pradesh,cluster 6,2023-07-01-00,5150633,2874013,99.8,55.8,Saturday,0
Andhra Pradesh,cluster 6,2023-07-01-01,7244112,4100110,99.87,56.6,Saturday,1
Andhra Pradesh,cluster 6,2023-07-01-02,8684230,4911696,99.72,56.56,Saturday,2
Andhra Pradesh,cluster 6,2023-07-01-03,9612188,5425595,99.74,56.44,Saturday,3
Andhra Pradesh,cluster 6,2023-07-01-04,9647766,5459332,99.83,56.59,Saturday,4
Andhra Pradesh,cluster 6,2023-07-01-05,9237235,5256916,99.87,56.91,Saturday,5
Andhra Pradesh,cluster 6,2023-07-01-06,8508030,4834042,99.76,56.82,Saturday,6
Andhra Pradesh,cluster 6,2023-07-01-07,7424397,4141742,99.78,55.79,Saturday,7
Andhra Pradesh,cluster 6,2023-07-01-08,514178,245447,99.76,47.74,Saturday,8
Andhra Pradesh,cluster 6,2023-07-01-09,252766,119788,99.76,47.39,Saturday,9
Andhra Pradesh,cluster 6,2023-07-01-10,164182,76933,99.75,46.86,Saturday,10
Andhra Pradesh,cluster 6,2023-07-01-11,173140,82048,99.79,47.39,Saturday,11
Andhra Pradesh,cluster 6,2023-07-01-12,285919,141112,99.87,49.35,Saturday,12
Andhra Pradesh,cluster 6,2023-07-01-13,890206,450045,99.79,50.56,Saturday,13
Andhra Pradesh,cluster 6,2023-07-01-14,2734617,1466003,99.89,53.61,Saturday,14
Andhra Pradesh,cluster 6,2023-07-01-15,5150596,2874116,99.79,55.8,Saturday,15
Andhra Pradesh,cluster 6,2023-07-01-16,7244152,4100217,99.74,56.6,Saturday,16
Andhra Pradesh,cluster 6,2023-07-01-17,8684322,4911689,99.72,56.56,Saturday,17
Andhra Pradesh,cluster 6,2023-07-01-18,9612123,5425547,99.75,56.44,Saturday,18
Andhra Pradesh,cluster 6,2023-07-01-19,9647746,5459292,99.97,56.59,Saturday,19
Andhra Pradesh,cluster 6,2023-07-01-20,9237300,5256923,99.8,56.91,Saturday,20
Andhra Pradesh,cluster 6,2023-07-01-21,8508134,4834135,99.77,56.82,Saturday,21
Andhra Pradesh,cluster 6,2023-07-01-22,7424351,4141826,99.86,55.79,Saturday,22
Andhra Pradesh,cluster 6,2023-07-01-23,514113,245394,99.88,47.73,Saturday,23
Andhra Pradesh,cluster 6,2023-07-02-00,252637,119633,99.9,47.35,Sunday,0
Andhra Pradesh,cluster 6,2023-07-02-01,164128,76849,99.81,46.82,Sunday,1
Andhra Pradesh,cluster 6,2023-07-02-02,173080,82034,99.87,47.4,Sunday,2
Andhra Pradesh,cluster 6,2023-07-02-03,285784,141077,99.74,49.36,Sunday,3
Andhra Pradesh,cluster 6,2023-07-02-04,890110,450033,99.88,50.56,Sunday,4
Andhra Pradesh,cluster 6,2023-07-02-05,2734412,1465830,99.79,53.61,Sunday,5
Andhra Pradesh,cluster 6,2023-07-02-06,5150512,2873924,99.82,55.8,Sunday,6
Andhra Pradesh,cluster 6,2023-07-02-07,7244105,4100065,99.88,56.6,Sunday,7
Andhra Pradesh,cluster 6,2023-07-02-08,8684182,4911679,99.83,56.56,Sunday,8
Andhra Pradesh,cluster 6,2023-07-02-09,9612143,5425515,99.8,56.44,Sunday,9
Andhra Pradesh,cluster 6,2023-07-02-10,9647748,5459242,99.72,56.59,Sunday,10
Andhra Pradesh,cluster 6,2023-07-02-11,9237276,5256841,99.73,56.91,Sunday,11
Andhra Pradesh,cluster 6,2023-07-02-12,8508085,4834045,99.79,56.82,Sunday,12
Andhra Pradesh,cluster 6,2023-07-02-13,7424259,4141721,99.74,55.79,Sunday,13
Andhra Pradesh,cluster 6,2023-07-02-14,514170,245410,99.87,47.73,Sunday,14
Andhra Pradesh,cluster 6,2023-07-02-15,252716,119738,99.78,47.38,Sunday,15
Andhra Pradesh,cluster 6,2023-07-02-16,164162,76936,99.73,46.87,Sunday,16
Andhra Pradesh,cluster 6,2023-07-02-17,173152,82038,99.79,47.38,Sunday,17
Andhra Pradesh,cluster 6,2023-07-02-18,285841,141091,99.78,49.36,Sunday,18
Andhra Pradesh,cluster 6,2023-07-02-19,890200,450067,99.9,50.56,Sunday,19
Andhra Pradesh,cluster 6,2023-07-02-20,2734570,1465972,99.78,53.61,Sunday,20
Andhra Pradesh,cluster 6,2023-07-02-21,5150625,2874001,99.78,55.8,Sunday,21
Andhra Pradesh,cluster 6,2023-07-02-22,7244072,4100194,99.7,56.6,Sunday,22
Andhra Pradesh,cluster 6,2023-07-02-23,8684205,4911694,99.89,56.56,Sunday,23
Andhra Pradesh,cluster 6,2023-07-03-00,9612190,5425590,99.87,56.44,Monday,0
Andhra Pradesh,cluster 6,2023-07-03-01,9647767,5459340,99.86,56.59,Monday,1
Andhra Pradesh,cluster 6,2023-07-03-02,9237281,5256906,99.73,56.91,Monday,2
Andhra Pradesh,cluster 6,2023-07-03-03,8508162,4834100,99.88,56.82,Monday,3
Andhra Pradesh,cluster 6,2023-07-03-04,7424376,4141785,99.91,55.79,Monday,4
Andhra Pradesh,cluster 6,2023-07-03-05,514047,245482,99.9,47.75,Monday,5
Andhra Pradesh,cluster 6,2023-07-03-06,252655,119745,99.79,47.39,Monday,6
Andhra Pradesh,cluster 6,2023-07-03-07,164197,76874,99.87,46.82,Monday,7
Andhra Pradesh,cluster 6,2023-07-03-08,173067,82067,99.91,47.42,Monday,8
Andhra Pradesh,cluster 6,2023-07-03-09,285809,141139,99.82,49.38,Monday,9
Andhra Pradesh,cluster 6,2023-07-03-10,890179,450086,99.82,50.56,Monday,10
Andhra Pradesh,cluster 6,2023-07-03-11,2734482,1465989,99.79,53.61,Monday,11
Andhra Pradesh,cluster 6,2023-07-03-12,5150577,2873984,99.73,55.8,Monday,12
Andhra Pradesh,cluster 6,2023-07-03-13,7244094,4100086,99.76,56.6,Monday,13
Andhra Pradesh,cluster 6,2023-07-03-14,8684216,4911667,99.81,56.56,Monday,14
Andhra Pradesh,cluster 6,2023-07-03-15,9612134,5425615,99.75,56.45,Monday,15
Andhra Pradesh,cluster 6,2023-07-03-16,9647799,5459294,99.9,56.59,Monday,16
Andhra Pradesh,cluster 6,2023-07-03-17,9237324,5256920,99.78,56.91,Monday,17
Andhra Pradesh,cluster 6,2023-07-03-18,8508117,4834049,99.75,56.82,Monday,18
Andhra Pradesh,cluster 6,2023-07-03-19,7424374,4141810,99.75,55.79,Monday,19
Andhra Pradesh,cluster 6,2023-07-03-20,514150,245491,99.72,47.75,Monday,20
Andhra Pradesh,cluster 6,2023-07-03-21,252818,119831,99.87,47.4,Monday,21
Andhra Pradesh,cluster 6,2023-07-03-22,164176,76921,99.72,46.85,Monday,22
Andhra Pradesh,cluster 6,2023-07-03-23,173155,82046,99.92,47.38,Monday,23
Andhra Pradesh,cluster 6,2023-07-04-00,285905,141095,99.8,49.35,Tuesday,0
Andhra Pradesh,cluster 6,2023-07-04-01,890266,450072,99.8,50.55,Tuesday,1
Andhra Pradesh,cluster 6,2023-07-04-02,2734623,1466004,99.76,53.61,Tuesday,2
Andhra Pradesh,cluster 6,2023-07-04-03,5150607,2874078,99.78,55.8,Tuesday,3
Andhra Pradesh,cluster 6,2023-07-04-04,7244104,4100233,99.74,56.6,Tuesday,4
Andhra Pradesh,cluster 6,2023-07-04-05,8684299,4911730,99.92,56.56,Tuesday,5
Andhra Pradesh,cluster 6,2023-07-04-06,9612197,5425608,99.89,56.45,Tuesday,6
Andhra Pradesh,cluster 6,2023-07-04-07,9647781,5459304,99.97,56.59,Tuesday,7
Andhra Pradesh,cluster 6,2023-07-04-08,9237287,5256974,99.76,56.91,Tuesday,8
Andhra Pradesh,cluster 6,2023-07-04-09,8508190,4834150,99.75,56.82,Tuesday,9
Andhra Pradesh,cluster 6,2023-07-04-10,7424336,4141820,99.83,55.79,Tuesday,10
Andhra Pradesh,cluster 6,2023-07-04-11,514102,245504,99.83,47.75,Tuesday,11
Andhra Pradesh,cluster 6,2023-07-04-12,252673,119718,99.79,47.38,Tuesday,12
Andhra Pradesh,cluster 6,2023-07-04-13,164199,76949,99.78,46.86,Tuesday,13
Andhra Pradesh,cluster 6,2023-07-04-14,173028,82087,99.77,47.44,Tuesday,14
Andhra Pradesh,cluster 6,2023-07-04-15,285818,141118,99.77,49.37,Tuesday,15
Andhra Pradesh,cluster 6,2023-07-04-16,890107,450043,99.72,50.56,Tuesday,16
Andhra Pradesh,cluster 6,2023-07-04-17,2734494,1465987,99.84,53.61,Tuesday,17
Andhra Pradesh,cluster 6,2023-07-04-18,5150592,2874018,99.91,55.8,Tuesday,18
Andhra Pradesh,cluster 6,2023-07-04-19,7244102,4100096,99.85,56.6,Tuesday,19
Andhra Pradesh,cluster 6,2023-07-04-20,8684319,4911609,99.8,56.56,Tuesday,20
Andhra Pradesh,cluster 6,2023-07-04-21,9612124,5425643,99.8,56.45,Tuesday,21
Andhra Pradesh,cluster 6,2023-07-04-22,9647856,5459327,99.72,56.59,Tuesday,22
Andhra Pradesh,cluster 6,2023-07-04-23,9637741,5452153,99.78,56.57,Tuesday,23
